entry_idx,exit_idx,entry_time,pnl,target,rsi,atr_pct,macd_hist,bb_width,dist_from_ema,rolling_corr_60,btc_ret_1m,nq_ret_1m,btc_nq_alignment,hour_sin,hour_cos,probability,signal
87,87,2024-01-02 07:29:00+00:00,0.6399999999994179,1,60.56140350877907,0.00011994103576709174,-0.13362747540667197,0.0008460938450251965,0.0003359241479329269,0.3098870692130259,-0.0009250033891558904,-7.115120877026274e-06,1.0,0.9271838545667874,-0.37460659341591207,0.5664186329399957,True
89,90,2024-01-02 07:31:00+00:00,0.47999999999956344,1,54.626202812730604,0.00012049890017754364,-0.44597890250616956,0.00047038832968921557,0.0002533918924430117,0.3161706548206244,-0.0011412451364174292,-2.253240515738947e-05,1.0,0.9238795325112868,-0.3826834323650895,0.6439554031943869,True
94,95,2024-01-02 07:36:00+00:00,-1.5200000000004366,0,44.16456759026444,0.00010872915064531092,-0.6366072184567297,0.00030629162550768974,0.00016594207171747937,0.2549639290713945,-0.001143321771324157,-6.0483261275958656e-05,1.0,0.9153114791194472,-0.40274668985873713,0.6708005421789835,True
96,96,2024-01-02 07:38:00+00:00,-1.5,0,43.19327731093156,0.00010613583726944116,-0.5625148252789576,0.0003062345823999871,0.00024091018713520118,0.2923059092599211,0.001469145461829033,0.00011978057635904985,1.0,0.9117620435770886,-0.4107188526134773,0.7927906700287949,True
100,100,2024-01-02 07:42:00+00:00,1.5,1,34.722222222228,0.00010772441223264834,-0.6225129779597649,0.00035857270762192675,2.240639629151757e-05,0.2853175671201808,-0.0006072353597558862,-0.00011089534959548781,1.0,0.904455145454368,-0.4265687399014584,0.7250278567189076,True
104,104,2024-01-02 07:46:00+00:00,-1.0,0,30.35714285714286,0.00011351339945386824,-0.9753235813800158,0.0005743555610531275,-0.00020436429334214483,0.2594845404288589,-0.0010428021805416621,-0.00010439806517172545,1.0,0.8968727415326884,-0.44228869021900113,0.7469841051464053,True
105,105,2024-01-02 07:47:00+00:00,2.1300000000010186,1,31.5308988763947,0.00011202374971285368,-0.9255047037786129,0.0005727909939983738,-0.00013936855028061267,0.2631078601974446,0.00038870814327880904,5.931841951364557e-05,1.0,0.894934361602025,-0.4461978131098088,0.8140164805046112,True
107,107,2024-01-02 07:49:00+00:00,-1.5200000000004366,0,42.20698254364132,0.00012051483599053674,-0.4500966407370098,0.0005422091592577991,6.659695253245211e-05,0.22739206031687398,0.0007403152499256529,8.18433009640486e-05,1.0,0.8910065241883679,-0.45399049973954675,0.7892633315321309,True
141,141,2024-01-02 08:23:00+00:00,-0.11000000000058208,0,66.97447039652712,0.00018197041065462467,0.15700857801639945,0.0005190874172327888,0.00043116559118853634,0.2637899200675683,-0.0008065307627313616,-6.518574530012417e-06,1.0,0.8141155183563192,-0.5807029557109398,0.6331128437386838,True
145,145,2024-01-02 08:27:00+00:00,-0.4000000000014552,0,64.33486238531918,0.00018029972416682558,0.30191218053262414,0.0006700823444323074,0.0004642881579256381,0.22806997547743552,-9.395918900455193e-05,-5.214165942020184e-05,1.0,0.8038568606172174,-0.5948227867513411,0.5543758551393133,True
151,151,2024-01-02 08:33:00+00:00,0.8900000000030559,1,74.92774566473832,0.0001644325949917732,0.3322173197230738,0.0008303541973160908,0.000566591861317568,0.2076470685716151,-0.0025016494236228875,-7.108743636122518e-06,1.0,0.788010753606722,-0.6156614753256583,0.7378829352331366,True
156,156,2024-01-02 08:38:00+00:00,-0.11999999999898137,0,68.80199667220273,0.00014074612032009912,-0.07746290753288587,0.0006642011676796046,0.00040033264401915174,0.1998732182053308,-0.0017210505274662116,-7.28671043557088e-05,1.0,0.7743926440821857,-0.632705328562516,0.6893209778056547,True
158,159,2024-01-02 08:40:00+00:00,1.4000000000014552,1,57.59999999999942,0.00013541715508534274,-0.3008627800496444,0.0005944292820639627,0.000348202196098853,0.2181041515222884,-0.0009596814332104959,-2.902963125744457e-05,1.0,0.7688418320734596,-0.6394390019805847,0.6296178054126058,True
162,162,2024-01-02 08:44:00+00:00,1.110000000000582,1,52.986512524096064,0.0001200171511110906,-0.5403112787194915,0.00033704827519571496,0.0002709420294301767,0.2583142285997859,-0.0008140329213760686,-3.673236032484064e-05,1.0,0.7575649843840495,-0.6527597524627226,0.6374385683301715,True
164,164,2024-01-02 08:46:00+00:00,-0.0,0,24.398931433667144,0.0001222015651112653,-0.8062727401508021,0.000369737771832624,4.703715085814178e-05,0.25570999927847915,-0.0007813158675198747,-0.00014813778974692688,1.0,0.7518398074789774,-0.6593458151000688,0.6493773191183788,True
170,170,2024-01-02 08:52:00+00:00,0.22999999999956344,1,27.055067837201932,0.00013702659154037793,-0.898455494224131,0.0006826710420715091,-2.0815178071102575e-05,0.27825119305622287,0.0005285216150774522,5.9858325436805185e-05,1.0,0.7343225094356857,-0.6788007455329415,0.5616118443720374,True
174,175,2024-01-02 08:56:00+00:00,2.7299999999995634,1,35.849056603781364,0.00013296096924609755,-0.45598020421668506,0.0006523498087366337,-3.4844637317351574e-06,0.2789021359348083,-0.00021158319933828944,-5.926306964847481e-07,1.0,0.7223639620597556,-0.6915130557822693,0.6313611354595428,True
178,178,2024-01-02 09:00:00+00:00,-0.2599999999983993,0,36.30573248407369,0.0001292511039475023,-0.3885366000368661,0.0005729215430867441,-0.00010494843248445962,0.27760287112263043,0.00010913623049932647,1.42249196885846e-05,1.0,0.7101853756232855,-0.7040147244559681,0.6116167379169112,True
186,187,2024-01-02 09:08:00+00:00,0.00999999999839929,1,9.836875926833244,0.0001728463949385879,-1.6604773889837166,0.001460626377948238,-0.0008435708938926633,0.1551896158926272,-0.0019112110186696276,-5.932456023092327e-07,1.0,0.685182990326359,-0.7283709698824004,0.61120570955381,True
197,198,2024-01-02 09:19:00+00:00,-0.0,0,22.305863708394,0.00021017594147326675,-0.3928477223787272,0.002174801699965727,-0.0009674425506401172,0.006117080920621185,-0.0005111246163166158,-5.164165559541656e-05,1.0,0.6494480483301838,-0.7604059656000309,0.5827587465782168,True
203,203,2024-01-02 09:25:00+00:00,-0.26000000000203727,0,33.837021046948735,0.00017681787860266833,0.6512745665615274,0.0010783705730375737,-0.0008212913288792883,-0.05035987304518491,-0.00017458062504919364,-0.00010447397954463606,1.0,0.6293203910498374,-0.7771459614569709,0.5812376513437771,True
207,207,2024-01-02 09:29:00+00:00,0.0,0,55.53582001183731,0.00017837887010716398,1.2593881042850166,0.0006271582145935807,-0.00044216632390803274,0.07634213303564888,0.00047944385432362874,3.0267215000031938e-05,1.0,0.6156614753256584,-0.7880107536067219,0.6099053898700407,True
209,209,2024-01-02 09:31:00+00:00,0.6199999999989814,1,60.051216389241006,0.00016254163910650306,1.2775244937803079,0.00036314064938933427,-0.0005073555629240182,0.08360765378298031,-0.0003684208846932398,-0.00010326838512838066,1.0,0.6087614290087209,-0.793353340291235,0.674099080943608,True
213,213,2024-01-02 09:35:00+00:00,-2.4900000000016007,0,57.650695517773435,0.00014096285643571115,0.9660580925183506,0.0003672937990102442,-0.0004311076208470992,0.04255287941063018,0.00040614901423019153,1.3651232958782609e-05,1.0,0.5948227867513413,-0.8038568606172173,0.5971963757939511,True
214,214,2024-01-02 09:36:00+00:00,-1.25,0,50.405405405401986,0.0001478526720840698,0.7543911793029325,0.00036414434946128896,-0.0005561456513441508,0.05160835916705404,-0.00039741289101589923,-0.00014779934811191207,1.0,0.5913096483635822,-0.8064446042674827,0.6466375860412151,True
215,215,2024-01-02 09:37:00+00:00,-5.619999999998981,0,47.34576757531682,0.0001461881813300021,0.6896654595557075,0.00034574069646522017,-0.0004630923566777652,0.042544949511142176,8.298936430537721e-05,7.419919043178374e-05,1.0,0.5877852522924732,-0.8090169943749473,0.5917537698244879,True
216,216,2024-01-02 09:38:00+00:00,-1.2600000000020373,0,35.050451407324516,0.0001558645136582001,0.2804334248190421,0.0004666702477103745,-0.0007653126877737018,0.0852004520090672,-0.0008061618287514842,-0.0003336428366606365,1.0,0.5842496656374344,-0.8115739819650123,0.6742297524537996,True
219,219,2024-01-02 09:41:00+00:00,-2.25,0,28.222996515678616,0.00017487204898114828,-0.506244275706897,0.0008396809139390767,-0.000947550120931056,0.05728732464435871,-0.0004438696320648166,-0.00015500556655435323,1.0,0.5735764363510464,-0.8191520442889916,0.608001719797085,True
255,255,2024-01-02 10:17:00+00:00,-0.25,0,44.01840490797698,0.00019226443639924952,-0.1403998752370026,0.0008097139648132138,-0.00025280539958775426,0.2600245119397278,0.00037815489281395396,0.0001271096340121306,1.0,0.4383711467890773,-0.898794046299167,0.7213492184339119,True
257,258,2024-01-02 10:19:00+00:00,-1.0,0,43.93203883495174,0.00019023385867410845,0.21334378813371058,0.0007837922067672055,-0.00026190788056761955,0.24152665857625022,-0.0008548382504243267,-1.5442593643447804e-05,1.0,0.4305110968082947,-0.9025852843498609,0.6196474606557364,True
259,259,2024-01-02 10:21:00+00:00,1.390000000003056,1,42.84624189240724,0.00019238610869636737,0.3665219463307845,0.000769983387816297,-0.0001813658847637293,0.24237989068335417,0.00012907813073394995,0.00014848982901647425,1.0,0.4226182617406995,-0.9063077870366499,0.6686451319586387,True
261,261,2024-01-02 10:23:00+00:00,-2.75,0,54.96056454960367,0.0001776442891136555,0.6912408804607046,0.0007671709539703422,-5.585556094593799e-05,0.2335372022824698,4.377335035365001e-05,3.6819026176378937e-05,1.0,0.4146932426562392,-0.9099612708765431,0.6536085842646593,True
264,264,2024-01-02 10:26:00+00:00,-0.00999999999839929,0,46.31888935633214,0.00017558357990565438,0.15062624206459851,0.000677381197612488,-0.0003621608164554316,0.20111119491453516,-0.001708674727296417,-5.9403023393772556e-05,1.0,0.4027466898587373,-0.9153114791194471,0.5198414482215745,True
296,296,2024-01-02 10:58:00+00:00,5.009999999998399,1,11.762576909146205,0.00020521253427290118,-1.4584362872074619,0.0015707088119682514,-0.000888929956658088,-0.07264363942995773,-4.385666764580907e-05,-0.000304969307767925,1.0,0.2714404498650746,-0.9624552364536472,0.6653604028037057,True
298,298,2024-01-02 11:00:00+00:00,-3.8800000000010186,0,17.37488196411074,0.00021803136831271392,-1.8190066829894564,0.002001874835320109,-0.0009658315544154513,-0.04911400612078148,0.0008304711044988509,0.0001349991155742034,1.0,0.2630312144579752,-0.9647873238288129,0.6966285527875403,True
300,300,2024-01-02 11:02:00+00:00,-0.13999999999941792,0,19.489172681838227,0.00023140170894858406,-1.7745356443286635,0.0021893332221573176,-0.0010188202554132365,-0.06156476726138486,0.0002232748741861465,8.921704908046076e-05,1.0,0.2546019482055273,-0.9670459389139432,0.6707554137262516,True
301,301,2024-01-02 11:03:00+00:00,-4.369999999998981,0,19.819311123654956,0.00022927949735750727,-1.558025851853266,0.0022373348986105285,-0.000986898143159451,-0.05468738641952144,-6.128617801602886e-05,-8.326587805917236e-06,1.0,0.2503800040544418,-0.9681476403781076,0.65323777902164,True
302,302,2024-01-02 11:04:00+00:00,-1.0999999999985448,0,29.546044098568473,0.00023767179495805688,-1.0240326562199868,0.002149584836663029,-0.0006987455876812635,-0.028347535865103062,0.0003589084843786002,0.0002598758022382908,1.0,0.24615329302899278,-0.9692309097067544,0.6182883777479332,True
303,303,2024-01-02 11:05:00+00:00,1.1300000000010186,1,29.484856329274393,0.00024036323518807236,-0.6657884633839561,0.002045589649768862,-0.000734163392079854,-0.03965334225857267,-4.376156946615312e-06,-6.540860161112658e-05,1.0,0.24192189559966817,-0.9702957262759964,0.5972794802573815,True
306,307,2024-01-02 11:08:00+00:00,7.369999999998981,1,24.21281216069245,0.0003063275581625115,-1.4227412261221444,0.002190094054398907,-0.0015577737282009266,-0.0408180227603284,-0.0008178922019207385,-0.00024639220049331066,1.0,0.22920039092241454,-0.9733792584604484,0.6197645598806275,True
312,313,2024-01-02 11:14:00+00:00,19.020000000000437,1,19.946143489131344,0.00036223228025817315,-2.0792214341099644,0.0030974132899902365,-0.0020395172949085735,-0.07092989569306163,-0.0007050611418031512,-0.00016978196759688936,1.0,0.2036417511401777,-0.9790454724845838,0.6345654391633914,True
315,316,2024-01-02 11:17:00+00:00,17.140000000003056,1,12.814215544639268,0.00047637342904152604,-3.6536205699213298,0.004172958403418474,-0.0030509743990814824,-0.08460014165501431,-0.00042087634967411295,-0.000222501592878065,1.0,0.19080899537654497,-0.981627183447664,0.6987168192545534,True
318,319,2024-01-02 11:20:00+00:00,2.8699999999989814,1,7.826086956524989,0.0005892380186350109,-4.59452833357515,0.005692393212854297,-0.0035254035541902656,-0.09136643459660972,0.00039228793121910124,0.00011286368318435661,1.0,0.17794354547384186,-0.9840406976462909,0.6954223156906664,True
320,322,2024-01-02 11:22:00+00:00,2.389999999999418,1,15.494490545506977,0.0005519081985020209,-3.164373349620824,0.006004760103559094,-0.003102243107372395,-0.0756125304314154,-0.0009820642550694902,-0.00012715852356842453,1.0,0.16934950384902525,-0.9855560590580776,0.5710249832897656,True
327,327,2024-01-02 11:29:00+00:00,-7.639999999999418,0,20.55203282357803,0.0006226605931926449,-1.0405537608740616,0.005312102295847284,-0.003361531456200479,0.06341224319010882,0.00012071926749036526,0.00033657684926120823,1.0,0.13917310096006574,-0.9902680687415703,0.5842291012656925,True
328,328,2024-01-02 11:30:00+00:00,1.0999999999985448,1,21.624803767665156,0.0006078242139910254,-1.2024525148292575,0.005310061123543722,-0.0036675356798291934,0.06636882469320521,-0.00010974418641185745,-0.00045676761187853543,1.0,0.13485093027372314,-0.9908658973868822,0.6330091255305308,True
330,330,2024-01-02 11:32:00+00:00,-6.509999999998399,0,26.387465221850817,0.0005448079439875042,-0.776615836270075,0.00470289469536088,-0.003361684695539814,0.09109840128010696,0.0006952555124642931,8.910388113096666e-05,1.0,0.12619896913582956,-0.992004949679715,0.5432863656896104,True
331,331,2024-01-02 11:33:00+00:00,-4.5,0,27.86454306479439,0.0005103234201915644,-0.7487545067749508,0.004456869240029032,-0.003603149049150348,0.12423695105231757,-0.0013295219409815966,-0.0003893646676536318,1.0,0.12186934340514755,-0.992546151641322,0.6662373381378607,True
333,333,2024-01-02 11:35:00+00:00,10.260000000002037,1,21.857082925465775,0.0005210678801294955,-0.304807491878595,0.0038046614772555293,-0.0036080812350717337,0.13767648872016328,-0.0006042143584755066,-0.0005521598233150272,1.0,0.11320321376790689,-0.9935718556765875,0.6336765085955409,True
335,336,2024-01-02 11:37:00+00:00,-1.6300000000010186,0,19.38724882163298,0.0005617919842282132,-1.2950805563775063,0.004206848641532585,-0.004240480182504931,0.1266684256879374,-0.00015603898368965783,-0.0003593180182745563,1.0,0.10452846326765373,-0.9945218953682733,0.6274679696175267,True
339,339,2024-01-02 11:41:00+00:00,-5.880000000001019,0,32.27927008953837,0.0005493933288575644,0.8836621672167055,0.004522276446261161,-0.0029002525775306243,0.06699270357866062,0.00011896683923546714,0.0002238693857191911,1.0,0.0871557427476582,-0.9961946980917455,0.5776830530273414,True
340,340,2024-01-02 11:42:00+00:00,-0.4000000000014552,0,35.95051754607479,0.0005165285721812337,1.3125460017447104,0.004356561549111318,-0.0031240601834004295,0.06766763539367782,-9.032538072226006e-05,-0.00035198831857998083,1.0,0.08280820751220419,-0.9965655024977614,0.6064770116044547,True
342,342,2024-01-02 11:44:00+00:00,-6.630000000001019,0,34.77415495064284,0.0004694462228117984,2.0341190949933434,0.004010426554281199,-0.0028917405107610717,0.04575974986349775,-0.0009393460990110038,-3.053470763715401e-05,1.0,0.07410849019539918,-0.9972501850994857,0.6435705208696193,True
348,348,2024-01-02 11:50:00+00:00,-0.11999999999898137,0,60.72132439889546,0.0003993665526751076,4.208984214587382,0.0021439730720163408,-0.001804111792160627,0.08327176657729535,-0.0005461640918365851,-0.00015735787191300429,1.0,0.04797812852134419,-0.9988483864849507,0.5696069165184878,True
350,351,2024-01-02 11:52:00+00:00,-2.0099999999983993,0,72.55453905699721,0.00038402067077606875,3.6700068413579494,0.0018647103915167063,-0.0017674832478003918,0.05975011051501914,-0.0006369658601104874,-0.00011309675379484322,1.0,0.03925981575906895,-0.9992290362407229,0.5826350834207901,True
353,355,2024-01-02 11:55:00+00:00,6.490000000001601,1,60.220073357779775,0.0003456434185570046,3.172883651593949,0.0016934817801449718,-0.00135606881570088,0.06412617629047383,0.00042341951582099667,0.00010470706115094643,1.0,0.026176948307873423,-0.9996573249755573,0.526607974983166,True
356,356,2024-01-02 11:58:00+00:00,-0.020000000000436557,0,79.10541132311528,0.0003230391965047132,3.485597120844724,0.0015654019508550305,-0.000856070041151213,0.1534797009784543,-4.178152003983368e-05,-6.817680280941879e-05,1.0,0.013089595571344636,-0.999914327574007,0.5058561944370175,True
359,360,2024-01-02 12:01:00+00:00,2.5200000000004366,1,60.090817356205996,0.0002770514818473329,2.750913217310944,0.0014777350069872354,-0.0008283314017266785,0.15520204249071315,-0.00014950509444470949,-2.930678975716151e-05,1.0,1.2246467991473532e-16,-1.0,0.5380185581683612,True
365,365,2024-01-02 12:07:00+00:00,-7.229999999999563,0,29.782809611829407,0.00032918620616938086,-0.9741732007284685,0.0015330270543881996,-0.002125621979549963,0.16249345640801044,-0.0007358537938012927,-0.0008820336085904765,1.0,-0.026176948307873177,-0.9996573249755573,0.5839682729676227,True
396,396,2024-01-02 12:38:00+00:00,2.7400000000016007,1,40.33816425120807,0.0002946537997468147,0.030957930544769807,0.0009902210603716518,-0.0005985759372248524,0.1312801468176308,-0.0004673948309591897,-2.3349651148293108e-05,1.0,-0.16074256560382613,-0.9869963665602319,0.6534841105249136,True
399,399,2024-01-02 12:41:00+00:00,-5.5,0,34.474671669792855,0.0002918515958375247,-0.43872439525026974,0.000949457083507633,-0.0007302890602495177,0.18697757551848349,-0.0006058411169472609,-0.0001562864428285097,1.0,-0.17364817766693003,-0.9848077530122081,0.6874027108264359,True
403,403,2024-01-02 12:45:00+00:00,-3.4900000000016007,0,43.60953461974901,0.0002890760731687322,-0.33819532005022346,0.0009599873396138222,-0.0008108163070402824,0.219543203820255,-0.0016554804782932927,-0.0003143962046836048,1.0,-0.19080899537654472,-0.981627183447664,0.683020745429178,True
404,404,2024-01-02 12:46:00+00:00,-4.5,0,40.94151212553644,0.00028798911313041194,-0.31003453658096713,0.0009599987419124832,-0.000578361916912163,0.22607757176893664,0.00031857454639125675,0.00020900963346988632,1.0,-0.19509032201612792,-0.9807852804032305,0.7131904497989204,True
405,406,2024-01-02 12:47:00+00:00,1.9900000000016007,1,41.30486927320749,0.0002869115617572856,-0.5467679356857238,0.0009458046256204394,-0.0008144595014210078,0.2264986120022153,-0.0008153138805564039,-0.00026950481348992245,1.0,-0.199367934417197,-0.9799247046208297,0.7205585501958168,True
409,409,2024-01-02 12:51:00+00:00,-1.6299999999973807,0,26.249152159169554,0.0003076494103536103,-1.5656510485828976,0.0015780283945650891,-0.0014378622256470959,0.2372943726414816,-0.0004997869954658433,-0.0005465545327185505,1.0,-0.21643961393810293,-0.9762960071199334,0.7576001130561916,True
412,412,2024-01-02 12:54:00+00:00,-1.0,0,25.561235830179626,0.0003178425012037981,-1.858186523546503,0.0021092130102929947,-0.0014155878056089429,0.2158817463742041,-0.0006766205816347094,-0.0001492746245203942,1.0,-0.2292003909224143,-0.9733792584604485,0.7250540399848999,True
413,413,2024-01-02 12:55:00+00:00,-5.129999999997381,0,28.815122176113803,0.0003119568589143346,-1.703316279104941,0.002158386113556352,-0.0013026223738683755,0.21292281760704398,0.00019620097656390485,5.995232592839246e-05,1.0,-0.23344536385590528,-0.9723699203976767,0.7391197193552299,True
414,414,2024-01-02 12:56:00+00:00,-2.139999999999418,0,16.275284817479204,0.0003088830410574477,-1.8008554818923823,0.002285234404994909,-0.001546737457146226,0.1894574962002869,-0.0004144922419213707,-0.0003075935149001422,1.0,-0.2376858923261727,-0.9713420698132615,0.7426481706901445,True
418,418,2024-01-02 13:00:00+00:00,-3.8800000000010186,0,17.093120805360726,0.00034179794633262,-1.7761533622933126,0.0029116529526400405,-0.001702591955684867,0.11520594986665526,-0.00017196146341906827,-0.00010558496479905328,1.0,-0.254601948205527,-0.9670459389139433,0.7208955086099352,True
420,420,2024-01-02 13:02:00+00:00,-5.130000000001019,0,26.04459839791606,0.00037910916544397333,-0.9566208639723106,0.002847824623363129,-0.00143673706943541,0.10651679258051021,-4.189816321275439e-05,-8.277673978341741e-05,1.0,-0.26303121445797495,-0.9647873238288129,0.7180762932724685,True
421,421,2024-01-02 13:03:00+00:00,-1.8800000000010186,0,33.098315707010954,0.0003912858101475502,-0.2937555181871563,0.002621153536879114,-0.0010852087172799022,0.1501664130095993,0.0014477761979885097,0.00030767893076899186,1.0,-0.26723837607825635,-0.9636304532086232,0.7415461614803188,True
423,424,2024-01-02 13:05:00+00:00,-1.8800000000010186,0,41.09816971713537,0.0003570935939911442,0.4157494064442915,0.002309579136375992,-0.0010833728496158403,0.15692455262488195,0.0003300932873594964,2.3389561239756064e-05,1.0,-0.275637355816999,-0.9612616959383189,0.7366655669887407,True
426,426,2024-01-02 13:08:00+00:00,-1.7700000000004366,0,39.55796120884261,0.0003486126450753402,0.6988518129085293,0.0016889281697957368,-0.0011991336446737014,0.16468180623752238,-0.00022216869734446667,-0.0001355623951991472,1.0,-0.2881962681340892,-0.9575713608048144,0.7492316320367255,True
427,428,2024-01-02 13:09:00+00:00,-1.7600000000020373,0,40.58966969630032,0.0003533741187390458,0.7701952086305148,0.0014298734172939595,-0.0010502622327253721,0.18037654107555653,0.0004904650828902324,0.00010617210868673432,1.0,-0.2923717047227364,-0.9563047559630355,0.7637424973984622,True
433,433,2024-01-02 13:15:00+00:00,-4.240000000001601,0,41.323889948240925,0.00030108943371959625,0.5140779805101028,0.0007637814355905439,-0.0011834781395521536,0.13801717839771144,-0.0003294350219218694,-0.000254382855967509,1.0,-0.3173046564050919,-0.9483236552061994,0.8057457278607641,True
434,434,2024-01-02 13:16:00+00:00,-3.9799999999995634,0,49.05231235784702,0.0002930001250328314,0.6044156243518684,0.0007468750730527944,-0.0008929509166836827,0.1394614375035825,0.00010103827821787795,0.00025438285596737607,1.0,-0.32143946530316153,-0.9469301294951057,0.7937953364617186,True
473,474,2024-01-02 13:55:00+00:00,3.4900000000016007,1,71.8217054263541,0.00026402060678696736,0.05070346034488171,0.0010493394932040078,0.0005123396132283998,0.09191140159662697,0.0010182040418836402,8.267567237092617e-05,1.0,-0.477158760259608,-0.8788171126619656,0.8210130360400391,True
477,477,2024-01-02 13:59:00+00:00,-1.3800000000010186,0,71.40142517814915,0.00023063578998660093,0.6447130322445607,0.0012084500639073753,0.000803538767272384,0.12622711033014597,0.000989676355917645,0.00010599884608923362,1.0,-0.49242356010346694,-0.8703556959398998,0.8761612792149353,True
478,478,2024-01-02 14:00:00+00:00,0.6399999999994179,1,64.23392943450642,0.00022637712752578994,0.5827959245155343,0.001234009927359467,0.0006925460153163082,0.125580624238436,-0.00017071494585139897,-8.264220302477908e-05,1.0,-0.4962165036752082,-0.8681988144891423,0.8437325013770018,True
482,482,2024-01-02 14:04:00+00:00,7.009999999998399,1,49.98116760828242,0.00023548910728060123,-0.6331129959416648,0.000946132616766609,7.397200771295312e-05,0.10793364703411,-0.000684929285400992,-0.00032232244985309477,1.0,-0.5112930860770519,-0.8594064115014528,0.7273077314611676,True
484,484,2024-01-02 14:06:00+00:00,-1.0200000000004366,0,50.68788777987866,0.00026675738929102043,-1.584313902782719,0.0011344880012825569,-1.6756308235171646e-06,0.1058285684802341,0.00016634564913181864,0.00033084758417441766,1.0,-0.5187732581605216,-0.8549118706729465,0.7502497078142156,True
486,487,2024-01-02 14:08:00+00:00,2.5100000000020373,1,56.609712230213496,0.00031588375067295314,-0.9747567426196624,0.0011949093825830862,0.000561535960860361,0.09173821536264691,0.000185775498494515,0.0006446379646585198,1.0,-0.5262139236518696,-0.8503522249955628,0.775614178135661,True
489,489,2024-01-02 14:11:00+00:00,-0.25,0,55.74409539096394,0.00031473886297457636,0.3539444912917089,0.0013005684625640192,0.0007174609532814638,0.10348855699959757,0.0007361671366256095,8.922062199871453e-05,1.0,-0.5372996083468236,-0.8433914458128858,0.685708066285848,True
492,492,2024-01-02 14:14:00+00:00,-0.7599999999983993,0,60.03079630444334,0.00034844415196992335,1.0420946028812295,0.0014870691572720727,0.0009745754909336934,0.179119923502809,0.001021443860294898,0.00015743219149684832,1.0,-0.548293229519914,-0.8362861558477594,0.630344621323781,True
495,495,2024-01-02 14:17:00+00:00,-0.47999999999956344,0,64.99767116907478,0.00033403589323200724,0.9980811342304916,0.001742842450169811,0.0008650863342736265,0.18988029824686545,-9.823214884170956e-05,-3.651112826682024e-05,1.0,-0.559192903470747,-0.8290375725550415,0.6052568417009587,True
498,498,2024-01-02 14:20:00+00:00,1.6199999999989814,1,86.33017875920619,0.0002654858857699402,0.6300590695220905,0.0019671039504360367,0.000817473329193681,0.18676426749880887,-0.00035001597305203566,-7.541053859854236e-05,1.0,-0.5699967625963029,-0.8216469379421637,0.7844028909121153,True
501,502,2024-01-02 14:23:00+00:00,4.75,1,77.07590422822909,0.00021078155114704025,0.2368500541033054,0.002087582793071994,0.0008407245225153751,0.0780618350044821,0.0002035846224025018,2.9922793211209747e-05,1.0,-0.5807029557109398,-0.8141155183563192,0.8670549775620748,True
508,508,2024-01-02 14:30:00+00:00,-7.6599999999998545,0,49.41285537700703,0.0003105597497463152,-0.8890056889962041,0.0011024004754332168,0.0004366987179109273,0.04599837552723271,-6.34843494873515e-05,-4.548844414737071e-05,1.0,-0.6052939880428939,-0.7960020025346224,0.652899989225558,True
517,518,2024-01-02 14:39:00+00:00,10.25,1,17.642451537106453,0.0008941136857828708,-6.870245279145699,0.0047395013611137415,-0.0027896304786270056,0.0648500973807856,-0.0010825226472649344,-0.0010205877429582825,1.0,-0.6360782202777636,-0.7716245833877202,0.662975549876441,True
535,535,2024-01-02 14:57:00+00:00,-12.4900000000016,0,31.198965154820968,0.0008404416341006929,-1.4470896827791577,0.006392011133295217,-0.004738634551327076,0.19367225578982217,-0.0012026140029084227,-0.0008145008133748417,1.0,-0.6946583704589973,-0.7193398003386511,0.5336490983522006,True
579,579,2024-01-02 15:41:00+00:00,-4.509999999998399,0,32.661891972544424,0.0006342321893185607,-0.05082758117133679,0.0049622691066679315,-0.002187187894498119,0.3373559871573607,0.0012724727892356592,0.00027194325376675974,1.0,-0.8191520442889916,-0.5735764363510464,0.5899715312896808,True
580,580,2024-01-02 15:42:00+00:00,-2.25,0,24.248435830916677,0.0006107039223976541,0.32507529095047083,0.0048680106413937305,-0.0023628948587742903,0.35775418517284685,-0.0003731792374585732,-0.0002725476544685734,1.0,-0.8216469379421638,-0.5699967625963028,0.5593892205556712,True
582,583,2024-01-02 15:44:00+00:00,11.37000000000262,1,33.91009968026975,0.0005495846633123573,1.4474787533566769,0.004036593219251291,-0.0018303259281547822,0.37681177035872054,0.000711036553385553,0.0002356565250599577,1.0,-0.8265897491271885,-0.5628049276950688,0.5666361593321896,True
590,590,2024-01-02 15:52:00+00:00,1.5,1,52.7002967359071,0.0006067222441625952,0.749792659614327,0.0016933324164835996,-0.0016408002400784614,0.3259656672199039,0.0005916519846123016,0.0006118308442355248,1.0,-0.8457278217039729,-0.533614515915612,0.5408473958476747,True
593,593,2024-01-02 15:55:00+00:00,3.9900000000016007,1,46.482002666271775,0.000588176935572285,1.119019434288866,0.001689810494279663,-0.0014821081883949606,0.29198809399569103,0.00029124350148167997,0.0001353969277844029,1.0,-0.8526401643540918,-0.5224985647159494,0.5380795519458738,True
598,599,2024-01-02 16:00:00+00:00,5.0,1,45.348529021998736,0.0005843438475246092,1.994335494695762,0.001725159445845843,-0.0006103905790526221,0.2132539198517921,0.0006061772745256697,0.000723874974055415,1.0,-0.8638355052043956,-0.5037739770455264,0.6063758281338127,True
650,650,2024-01-02 16:52:00+00:00,-9.010000000002037,0,62.534026231132216,0.0003672345025149772,0.22349576043366692,0.001779083651608072,0.0013540643483851396,0.15193491767902081,0.0002710681091746004,6.856883020040744e-05,1.0,-0.9550199444571869,-0.2965415749755702,0.501611515186302,True
652,652,2024-01-02 16:54:00+00:00,-4.259999999998399,0,63.42027766091417,0.0004004572578162045,-0.7356000240441336,0.0017472544989028467,0.0010313302268290124,0.18109097513746514,0.00013008187459703484,0.0002936286809672233,1.0,-0.9575713608048145,-0.2881962681340891,0.5767902934870103,True
654,656,2024-01-02 16:56:00+00:00,1.2700000000004366,1,58.98184852910238,0.000396885331257431,-1.3689237152335885,0.0016681398405359654,0.0007660753286873375,0.18817665882684254,0.0002888220380267392,5.2953830890924395e-05,1.0,-0.9600498543859286,-0.27982901403099236,0.5526816895819752,True
658,658,2024-01-02 17:00:00+00:00,3.889999999999418,1,49.26301243666589,0.00038513021809985666,-1.0935915396126106,0.0014875109574390476,0.0009039702470422331,0.17800408787432104,0.0003327028168313874,0.00020214611864071905,1.0,-0.964787323828813,-0.2630312144579744,0.5779158120204089,True
663,663,2024-01-02 17:05:00+00:00,-0.5099999999983993,0,53.29985652797486,0.0003484263979627221,-0.4777723500752673,0.0008197529893416897,0.0009852661290749942,0.0575257669394387,0.0006372411423586099,0.00027066741335629715,1.0,-0.9702957262759965,-0.24192189559966779,0.5385048035693324,True
666,666,2024-01-02 17:08:00+00:00,1.75,1,61.50190114068584,0.0003044964185912737,-0.24343044467415798,0.0008562238554269321,0.0009658771917042072,0.04962559425013718,0.0005201629373361232,0.0001888408305949439,1.0,-0.9733792584604485,-0.22920039092241415,0.5197217270519041,True
673,673,2024-01-02 17:15:00+00:00,-2.7299999999995634,0,43.902439024395974,0.00030004295903633324,-1.0598163097965814,0.0007690986334854709,0.0004539965327057484,0.1523171359675247,0.00018333648149121578,6.737551323759537e-05,1.0,-0.9799247046208296,-0.1993679344171973,0.5646277424790895,True
677,677,2024-01-02 17:19:00+00:00,0.6299999999973807,1,21.574267782438753,0.00037099148539059576,-2.8112860435445772,0.0016122679499699386,-0.0005776941611421694,0.1977449027537259,0.0008963996687873129,3.071211457686995e-05,1.0,-0.9832549075639545,-0.18223552549214778,0.5993076331320866,True
717,717,2024-01-02 17:59:00+00:00,-0.8899999999994179,0,5.536277602521324,0.0005204309128286887,-3.542379358981881,0.005269507087517752,-0.0022841854717551954,-0.02555331884512867,-0.001238832902695891,-0.0003162877979720127,1.0,-0.9999619230641713,-0.008726535498374464,0.6970059942638892,True
720,720,2024-01-02 18:02:00+00:00,-6.630000000001019,0,14.364746280044045,0.0004950699962229764,-2.2113005760774342,0.005017208746799903,-0.0019305610111522002,0.013209258498900478,0.0011345358556854484,0.00018895677503985434,1.0,-0.9999904807207345,0.004363309284746116,0.7861044786431229,True
722,722,2024-01-02 18:04:00+00:00,1.7600000000020373,1,11.356805495922444,0.0004677634025536937,-1.6184954368305053,0.00454362457181079,-0.002093324332262714,0.011206658427845094,0.001666914577576755,6.0386218192525775e-05,1.0,-0.999914327574007,0.01308959557134433,0.7734742088075236,True
725,725,2024-01-02 18:07:00+00:00,-1.2299999999995634,0,17.622851609783595,0.0004350252814225864,-0.40618786050636935,0.0033197224336695744,-0.002053003851488537,-1.613789091802794e-05,-0.0010227569847199045,-0.00031582230759043283,1.0,-0.9996573249755573,0.026176948307873114,0.7309569809484148,True
726,726,2024-01-02 18:08:00+00:00,-4.0,0,20.924514384070903,0.000433957680239928,-0.1107617215720591,0.002981834184044405,-0.001901413871921365,-0.012863204821120782,0.00011319812458345191,7.428458063874135e-05,1.0,-0.999533590836713,0.030538513209822354,0.7989605195412618,True
728,728,2024-01-02 18:10:00+00:00,-4.75,0,23.632324354347944,0.0004001476140362269,-0.029835092148839948,0.002602064803029276,-0.0020788953002911135,-0.01025492661483854,-0.0006746799964747107,-0.00010511251579581474,1.0,-0.999229036240723,0.03925981575906776,0.7900057719246932,True
732,733,2024-01-02 18:14:00+00:00,2.149999999997817,1,49.82690976229195,0.00039919911808814607,1.9493169276418953,0.001598542144347365,-0.0010931897113594714,0.00727488485740552,0.0005040193987637726,0.000332074271763558,1.0,-0.9983916705573488,0.056692787563377346,0.8469069493878979,True
735,735,2024-01-02 18:17:00+00:00,-3.5099999999983993,0,56.49671052631806,0.00037852467141701984,2.6315704149463475,0.0010562606829520578,-0.001033070074806551,0.02413403991515667,-0.0006705865885288288,-0.0001901498175007479,1.0,-0.9975640502598243,0.06975647374412522,0.7766761813811932,True
737,737,2024-01-02 18:19:00+00:00,-0.5200000000004366,0,60.805137070882246,0.000375223409871706,3.005715395692283,0.001124041410568707,-0.00056936446372308,-0.03902817102184364,0.0006557821882273372,0.0001967476295543731,1.0,-0.996917333733128,0.07845909572784521,0.8599883938491271,True
739,740,2024-01-02 18:21:00+00:00,-0.12000000000261934,0,71.2371134020617,0.00035964659216644075,3.1566187546862103,0.0013492697452338147,-0.00036622234072752484,0.013832511951671872,0.002041582402345076,0.00019611173845911908,1.0,-0.9961946980917455,0.08715574274765789,0.8539899215393378,True
741,741,2024-01-02 18:23:00+00:00,0.5,1,75.69164652161662,0.00035327075624075414,3.050756857975669,0.0015840021550422457,-0.00034904693161371444,0.023978610138435625,-0.0008955647976598184,-0.00011402966050544074,1.0,-0.9953961983671789,0.09584575252022405,0.8298513022394597,True
743,743,2024-01-02 18:25:00+00:00,-0.7700000000004366,0,79.24528301886701,0.00035538553190989823,2.9115232737918983,0.0018179340642515574,2.0255859034719208e-05,0.07953824832194296,0.0013731945759398268,0.0003854881555377499,1.0,-0.9945218953682734,0.10452846326765299,0.8690198091219179,True
744,744,2024-01-02 18:26:00+00:00,-5.629999999997381,0,75.06538796861123,0.0003455788270862572,2.8197649458879015,0.001941003464636546,-2.516080904884676e-05,0.06851466897409128,-0.0003076974185440764,-4.644375074536316e-05,1.0,-0.9940563382223196,0.10886687485196471,0.8281723057615665,True
745,745,2024-01-02 18:27:00+00:00,-5.5,0,82.16244450247692,0.0003529556275986093,2.996286169622116,0.0020957156914464415,0.0003020868111665178,0.07684364002108025,0.0002899907820962391,0.0003395324676612665,1.0,-0.9935718556765876,0.11320321376790658,0.8738336106773522,True
746,746,2024-01-02 18:28:00+00:00,-0.5200000000004366,0,67.79838077826726,0.0003611724961220083,2.61458654408629,0.0021085534145912203,-2.848683828442932e-05,0.09193644696305174,-0.0005844949598734246,-0.00033169116359219313,1.0,-0.9930684569549263,0.11753739745783724,0.7633100363768605,True
747,747,2024-01-02 18:29:00+00:00,-2.6299999999973807,0,68.01556420233251,0.00035254465465100343,2.281237394439481,0.002018231810298411,2.7645235093834827e-06,0.09215194747478254,4.207733593498875e-05,3.13646014310039e-05,1.0,-0.9925461516413221,0.12186934340514681,0.8217982128386205,True
749,749,2024-01-02 18:31:00+00:00,-3.7399999999979627,0,70.38615847542374,0.00035256413294080337,1.6265590334361386,0.0016794149171845904,7.285401363695202e-05,0.07557229791723115,0.0005556840979349046,0.00022559066849997647,1.0,-0.9914448613738105,0.13052619222005127,0.8480756352957628,True
752,752,2024-01-02 18:34:00+00:00,4.600000000002183,1,59.88488488488326,0.0003729452037678552,0.6623966181614092,0.0013116554950342283,-3.872362506890827e-05,0.1390063059083647,0.0008370964508027716,0.00015865216872474805,1.0,-0.9896513868196702,0.14349262199117904,0.7860504767354167,True
793,794,2024-01-02 19:15:00+00:00,3.5,1,43.410214168040014,0.0004668805099480514,2.819143545832297,0.0023742076052122446,-0.0008969316863370459,0.3093279926244637,-6.421178377010266e-05,-0.00028719674111200855,1.0,-0.9483236552061993,0.31730465640509226,0.5864296425559429,True
801,802,2024-01-02 19:23:00+00:00,0.2599999999983993,1,67.3124577607546,0.00038538304032962787,2.026307580868278,0.0017503799274680243,-0.0007492597000336239,0.28112339916106266,-0.00032587479380845395,-0.00018202626731632121,1.0,-0.9366721892483977,0.3502073812594672,0.5589458679407567,True
810,810,2024-01-02 19:32:00+00:00,6.25,1,67.23199999999869,0.0003206730446651013,1.997394013128411,0.001010065226683296,-9.180494447133577e-05,0.1626886987964958,-3.566333809232393e-05,-0.0002556594895477249,1.0,-0.9222009716704518,0.3867109616368206,0.5687175087153775,True
815,815,2024-01-02 19:37:00+00:00,-1.4899999999979627,0,54.502762430942404,0.00034557133553793725,0.5361869775289754,0.0009490090182184169,-0.0003656415779255695,0.07851706668309195,-0.0004067132183408488,-0.0002255180652247613,1.0,-0.9135454576426008,0.40673664307580054,0.5848560301982081,True
818,818,2024-01-02 19:40:00+00:00,-1.860000000000582,0,42.059095106184614,0.00035748422368060657,-0.5191916189194064,0.0009692526045173839,-0.0007667222893032031,0.09188653984873046,-0.0008769427896189524,-0.00035564932384167015,1.0,-0.9081431738250815,0.4186597375374277,0.5147928609658184,True
819,819,2024-01-02 19:41:00+00:00,-2.7400000000016007,0,43.186962426436295,0.0003670789622449257,-0.7360170326935864,0.001021289640289549,-0.0006286450442509497,0.09495128534837498,1.9989538808683046e-05,0.00011251499455641249,1.0,-0.9063077870366498,0.4226182617406996,0.5294846105758221,True
824,825,2024-01-02 19:46:00+00:00,-0.9899999999979627,0,38.63530507684581,0.0003274290687717021,-0.4610117254871702,0.0012724780093442225,-0.0004198010278887978,0.09882648866101312,0.0009997223826252054,5.9879967900279884e-05,1.0,-0.8968727415326884,0.442288690219001,0.60181048145372,True
826,826,2024-01-02 19:48:00+00:00,2.8700000000026193,1,42.03931203930987,0.00031284547585090205,-0.13655037964066752,0.001295730838757716,-0.0004507347347766666,0.0627578446539217,-8.655347401094493e-05,-0.00021107605015359635,1.0,-0.892978943411137,0.45009844103743507,0.5588416093668604,True
828,828,2024-01-02 19:50:00+00:00,1.110000000000582,1,31.74778761061536,0.00032426940831511167,-0.6689005799749523,0.0013858451373276789,-0.000846413158585783,0.07449899327197126,-0.0004970179028755842,-0.00028135122590002606,1.0,-0.8890171414857366,0.45787391511695635,0.5516053894969617,True
830,830,2024-01-02 19:52:00+00:00,-5.020000000000437,0,31.926693995659306,0.0003382458298936316,-0.9893643353085326,0.0013288839231688633,-0.0008212647730215048,0.05425331275939412,0.00011315166217463603,2.2996658223449837e-05,1.0,-0.8849876374630419,0.4656145203251113,0.554901408270874,True
832,832,2024-01-02 19:54:00+00:00,-0.9799999999995634,0,28.958880139979613,0.00035206051876194574,-1.9072843668118615,0.0018493780739099388,-0.0015235816024901786,0.10820944065864103,-0.0016585758481700405,-0.0005055968466425772,1.0,-0.8808907382053859,0.4733196671848428,0.5415667791270868,True
834,834,2024-01-02 19:56:00+00:00,-4.75,0,26.53499355946417,0.00036528939037265063,-2.3814318583539142,0.0022120475769993207,-0.0016122168213744393,0.13292912384183875,-0.0007766074662031145,-0.00027135562896299863,1.0,-0.8767267557075075,0.48098876891938813,0.5855139641838748,True
835,835,2024-01-02 19:57:00+00:00,-4.649999999997817,0,34.516844865842856,0.00037656117157292273,-2.0862908718702506,0.002285542924088488,-0.0012730400694548078,0.17029318006771765,0.002869774110506202,0.0002877072988777309,1.0,-0.8746197071393961,0.4848096202463365,0.7346611505786854,True
838,839,2024-01-02 20:00:00+00:00,3.5,1,18.392756083758343,0.00039415441086713715,-2.044990518401036,0.0027179277637020324,-0.0018172973785264518,0.09139653252676946,-0.00011314287627925332,-0.0005234974108275863,1.0,-0.8681988144891425,0.49621650367520775,0.614285974361152,True
840,840,2024-01-02 20:02:00+00:00,-5.240000000001601,0,14.505321245566321,0.00042246903077290004,-2.2233955799221343,0.003194442905875752,-0.0018730549050663943,0.1040697434705614,0.0002776392684159191,6.668079087196407e-06,1.0,-0.8638355052043958,0.5037739770455261,0.6000669521552098,True
841,841,2024-01-02 20:03:00+00:00,12.5099999999984,1,13.858030502731125,0.00043529392605156703,-2.347091354940602,0.00347130328788747,-0.0021043963142179894,0.10854595313213965,-0.0002420971398828685,-0.00031769244001577773,1.0,-0.8616291604415255,0.5075383629607045,0.6012108899610293,True
843,843,2024-01-02 20:05:00+00:00,-2.5,0,11.35101789019211,0.00047304464977836587,-3.537980128399049,0.004284547021380239,-0.0029315631375360397,-0.006053551443962485,-0.00014630707664659023,-0.00030225196147632056,1.0,-0.8571673007021123,0.5150380749100542,0.5497320818975587,True
844,844,2024-01-02 20:06:00+00:00,-3.25,0,14.15770609318949,0.0004871057016772318,-3.4261351024522284,0.004472747593448341,-0.0026715139507021046,-0.004682240159300861,4.6554573607193436e-05,0.00015174433172984467,1.0,-0.8549118706729468,0.5187732581605211,0.5261122606512416,True
846,846,2024-01-02 20:08:00+00:00,-0.8900000000030559,0,28.61018993066108,0.000506335433270495,-2.3252980282464666,0.0044295834782108285,-0.0020956119874662687,-0.0004582718026396932,0.0006513835483461166,0.0005765322413898225,1.0,-0.8503522249955628,0.5262139236518695,0.5323331942150803,True
847,847,2024-01-02 20:09:00+00:00,3.3799999999973807,1,27.169811320754718,0.000496048298791919,-1.5490085641428557,0.004280516910561051,-0.002065375400914649,-0.002059216039228533,-0.000203788698406942,-5.399785890722619e-05,1.0,-0.8480480961564261,0.5299192642332047,0.5359758227615856,True
850,850,2024-01-02 20:12:00+00:00,-7.619999999998981,0,28.72715076303561,0.0005150147782893535,0.16883364282621827,0.003702043744623905,-0.0017952057760348677,-0.0007360408880072925,0.00017502716842976318,4.429121169032666e-05,1.0,-0.8410390129643927,0.5409744713679937,0.5501386426121295,True
891,891,2024-01-02 20:53:00+00:00,-4.0,0,92.805637495904,0.0005085979179923013,4.991297862643563,0.00413722508830806,0.002125986560017129,0.07820625877886284,-0.001007689288950645,-0.00022069202457189252,1.0,-0.7313537016191703,0.6819983600624986,0.9232572787493715,True
892,892,2024-01-02 20:54:00+00:00,-0.6100000000005821,0,93.20853960396124,0.0005279070904248178,5.037450791410879,0.004642951378178979,0.002275292718792394,0.040487209090765655,0.0005307240270501317,0.00024185171463790003,1.0,-0.7283709698824009,0.6851829903263584,0.9212192770112598,True
894,894,2024-01-02 20:56:00+00:00,7.600000000002183,1,92.83359610147633,0.0005703078091168117,4.781133059859085,0.005456525518325157,0.0026193511429178683,0.04034530017108988,0.00042106530141795454,0.0005747889048112216,1.0,-0.7223639620597554,0.6915130557822695,0.9279692024291759,True
896,896,2024-01-02 20:58:00+00:00,6.740000000001601,1,93.6110401226679,0.0005838554019001742,5.0570003310936205,0.006359093807193543,0.0031192402018056084,0.030909574201768677,0.000280789331850353,0.00028744065695728217,1.0,-0.7163019434246545,0.69779045984168,0.9459299566728051,True
898,898,2024-01-02 21:00:00+00:00,-3.459999999999127,0,90.20194465220585,0.0006160564453956754,4.6596849236593805,0.006817947860916988,0.0030889751449562804,0.03416251421933357,-0.0007782769698406084,-0.00017262577732013722,1.0,-0.710185375623286,0.7040147244559678,0.954247353514725,True
899,899,2024-01-02 21:01:00+00:00,7.009999999998399,1,91.41548107065458,0.0006384733129276784,4.192649248515961,0.006937215005939471,0.003168717297258412,0.014325827944680115,0.00024313722985731728,0.00020883719405946196,1.0,-0.7071067811865477,0.7071067811865474,0.9506545896294357,True
901,901,2024-01-02 21:03:00+00:00,1.890000000003056,1,91.61859917598679,0.0006478105932111249,3.651052465672027,0.007030016979772058,0.0034467405990281914,-0.02092511773862474,0.00014294744248935688,0.00013572371979826846,1.0,-0.7009092642998508,0.7132504491541817,0.9556122057923886,True
907,907,2024-01-02 21:09:00+00:00,-0.5,0,82.2450080949776,0.00040302807536752607,-0.5014662313523388,0.004831204767784217,0.0025596063448730935,0.06550970864515736,-0.00023691756943988905,-9.10897623881876e-05,1.0,-0.6819983600624989,0.7313537016191701,0.9147701582150415,True
909,909,2024-01-02 21:11:00+00:00,-0.26000000000203727,0,75.84434654918844,0.00035510323241318197,-1.4416007028222708,0.003755435618239922,0.002499441998707461,0.07619360502433815,0.0008181312640459221,0.00011340508428876084,1.0,-0.6755902076156598,0.7372773368101244,0.8881501909728459,True
914,914,2024-01-02 21:16:00+00:00,-0.37000000000261934,0,45.6370340024653,0.00022051894049552234,-3.153694905400336,0.0015054762201393798,0.0018346159183953653,0.050453088203885714,0.0012646871251448398,0.0001279151996377724,1.0,-0.6593458151000687,0.7518398074789775,0.8105955583173827,True
915,916,2024-01-02 21:17:00+00:00,1.4899999999979627,1,39.45849977807995,0.0002081983161579071,-3.2087766601482883,0.0011778306802390718,0.001741059144981365,0.03768575264212822,-0.00046516545928082786,-2.2323643967927082e-05,1.0,-0.656059028990508,0.7547095802227713,0.8170650308081543,True
918,918,2024-01-02 21:20:00+00:00,0.4000000000014552,1,32.67933782955322,0.00018277986933805198,-3.1843559002588897,0.0007132530027559837,0.0015031500898303363,0.021653668054427158,0.0013572296802471895,4.404742762224418e-05,1.0,-0.6461239796429639,0.7632324697825288,0.7937064564384304,True
920,920,2024-01-02 21:22:00+00:00,-0.23999999999796273,0,38.348271446857886,0.00016389530042403382,-2.8949388071613864,0.000638939267690272,0.0014306121734973347,-0.001059471571164955,0.0003981799447776781,2.1720780573159002e-05,1.0,-0.6394390019805846,0.7688418320734597,0.819843627733131,True
921,921,2024-01-02 21:23:00+00:00,0.5,1,41.742160278750454,0.00015803648949199795,-2.7525657710458677,0.0006287729355912318,0.001360501772388517,0.0032619684051251826,-0.0006629795164150478,-1.4480467960599385e-05,1.0,-0.6360782202777646,0.7716245833877194,0.83486354248041,True
923,923,2024-01-02 21:25:00+00:00,0.12999999999738066,1,37.07386363636731,0.00013216947203231006,-2.4112386753160653,0.0005719098934017331,0.0013213198462019035,-0.0059617649498786935,0.0003870494203649794,9.713872171274029e-05,1.0,-0.6293203910498378,0.7771459614569706,0.82822353624504,True
925,925,2024-01-02 21:27:00+00:00,-1.0100000000020373,0,40.21505376344293,0.00012570240582427265,-2.024966417186204,0.0004850761978416621,0.0012419318426780959,0.00011982274200367722,0.000356091278858871,1.568599060088455e-05,1.0,-0.6225146366376196,0.7826081568524138,0.8419976955461336,True
926,928,2024-01-02 21:28:00+00:00,0.25,1,60.84598698481425,0.00010041290822159582,-1.934712738616609,0.00045973604016490025,0.001134559372224825,-0.002552979702125803,-0.0003783511945391738,-6.093541903296219e-05,1.0,-0.6190939493098336,0.7853169308807452,0.8710225346471057,True
939,939,2024-01-02 21:41:00+00:00,-0.4900000000016007,0,43.81107491856258,0.0001063202863502488,-0.9164157026235227,0.0001799379278319149,0.0006564231104945718,-0.040371717789751266,0.0007317754332132675,7.4215779093084e-05,1.0,-0.5735764363510465,0.8191520442889916,0.533542025819014,True
941,941,2024-01-02 21:43:00+00:00,1.4899999999979627,1,50.52377115230065,0.00010700725572116203,-0.743681045682214,0.00018400851713497725,0.0006302344859823487,-0.03840188072555884,0.0005666307952113564,5.3699001422749785e-05,1.0,-0.5664062369248329,0.8241261886220156,0.5209049365181141,True
944,944,2024-01-02 21:46:00+00:00,-0.00999999999839929,0,60.54172767202286,0.00011716121857665162,-0.27563734828422737,0.0002537891052242353,0.0006883276451700282,-0.03253584744097794,4.0016984992298043e-05,3.0766604240863436e-05,1.0,-0.555570233019603,0.8314696123025447,0.5000154005187296,True
950,950,2024-01-02 21:52:00+00:00,-0.7600000000020373,0,67.56756756757517,0.00011535395134038565,-0.20660096016897,0.00031519397110293484,0.0005269597955268187,-0.12008515633232175,0.000668043467643224,9.04909950907519e-06,1.0,-0.5336145159156106,0.8457278217039739,0.5648358724291834,True
952,952,2024-01-02 21:54:00+00:00,-0.3600000000005821,0,63.35963923335574,0.00011471630984090538,-0.3096005957279522,0.0003015899615843743,0.0004150838213826913,-0.1891613644862857,-3.7712284115488915e-05,-3.0165366541689684e-05,1.0,-0.5262139236518699,0.8503522249955626,0.6218468972757462,True
954,954,2024-01-02 21:56:00+00:00,-0.22999999999956344,0,57.645631067968665,0.0001087286666857415,-0.3694710613328849,0.00029850816163691084,0.00036088018585810874,-0.24194480702004217,-0.00019303241784218253,-4.4042112713315673e-05,1.0,-0.5187732581605214,0.8549118706729466,0.6659017983182033,True
958,958,2024-01-02 23:00:00+00:00,1.75,1,48.843187660691335,0.00010475248809782196,-0.25854567570628006,0.00022810102208545204,0.00041255761663047924,-0.20155857339472683,0.0017333139664401883,0.0001098000795044343,1.0,-0.5037739770455265,0.8638355052043956,0.659565521445683,True
978,978,2024-01-02 23:20:00+00:00,-2.7600000000020373,0,9.752925877762678,0.00011711700605309247,-1.3902124435826884,0.000937061397809263,-0.00022728366895691224,-0.1526964715767932,-0.0008589988420089082,-8.206905753724982e-05,1.0,-0.17794354547384242,0.9840406976462908,0.5463324873995938,True
982,982,2024-01-02 23:24:00+00:00,2.7399999999979627,1,17.5531914893636,0.00016276775727241046,-1.5377413119348657,0.0013980009551497424,-0.0004572638973577231,-0.19005597841912078,0.0003219385613617625,2.3542315653439103e-05,1.0,-0.16074256560382694,0.9869963665602318,0.6004186426353053,True
983,983,2024-01-02 23:25:00+00:00,1.7600000000020373,1,22.619047619044636,0.00016925047388837125,-1.3151385626580347,0.0014200104896044657,-0.0002804961365772014,-0.18335072445256032,0.00030630046983575224,0.00016538423503406285,1.0,-0.15643446504023198,0.9876883405951375,0.6706168806675286,True
985,985,2024-01-02 23:27:00+00:00,-1.0,0,28.813559322036227,0.00019196941043102557,-0.8209275676124523,0.0013758412475704405,-0.0002623538416700288,-0.14921495311427535,-0.0011770298458944966,-0.00010561424196748774,1.0,-0.14780941112961052,0.9890158633619168,0.5773456211797848,True
987,987,2024-01-02 23:29:00+00:00,-0.7399999999979627,0,33.35904357886673,0.00018743719043547817,-0.44019646425193626,0.0012875108157346092,-0.0002154714857830046,-0.1584387065280186,-4.222395810232793e-05,-3.0175725321077036e-05,1.0,-0.13917310096006674,0.9902680687415701,0.5806330907672553,True
988,988,2024-01-02 23:30:00+00:00,0.12000000000261934,1,37.49999999999637,0.00018751503353284517,-0.2536343087841568,0.0012129165446670743,-0.00016412262331488373,-0.16849303163721996,4.222395810232514e-05,4.4659750045540915e-05,1.0,-0.13485093027372372,0.9908658973868821,0.6127747856834728,True
990,990,2024-01-02 23:32:00+00:00,0.75,1,45.53611484971313,0.00017888544796620056,0.0656492204625927,0.000952856119227346,-0.00010771675568629166,-0.17038047326184638,0.00011336973773702932,3.862276063909584e-05,1.0,-0.12619896913583012,0.992004949679715,0.6006828234360002,True
994,994,2024-01-02 23:36:00+00:00,0.22999999999956344,1,52.22743259086207,0.0001548643215274538,0.48659257190802174,0.0005700996301912645,-2.4466831628014858e-05,-0.1933930781261657,0.00013124921463966683,8.447964161301471e-06,1.0,-0.10886687485196514,0.9940563382223195,0.5777676674276607,True
996,996,2024-01-02 23:38:00+00:00,-0.25,0,72.85595337217748,0.00012185218773597513,0.4991930288258586,0.00047354508992870535,-5.267556042457053e-05,-0.17258656982595572,-0.001326765003302455,-4.465371347666147e-05,1.0,-0.1001880616120765,0.9949685182509117,0.5713969689327257,True
999,999,2024-01-02 23:41:00+00:00,-2.140000000003056,0,72.57053291536488,8.314498917172762e-05,0.4127959349200836,0.0004500312160267972,-3.9170847371900965e-05,-0.17293071739453608,0.0006169258359077318,7.844710929966521e-06,1.0,-0.08715574274765743,0.9961946980917455,0.5445867151492122,True
1000,1000,2024-01-02 23:42:00+00:00,-0.9900000000016007,0,48.271276595732076,8.483694752522974e-05,0.24638626080653703,0.00044865700569281746,-0.00016170230973226,-0.1643754661782187,-0.00012023726835414622,-0.0001291438428849225,1.0,-0.08280820751220476,0.9965655024977613,0.5127767576865849,True
1002,1002,2024-01-02 23:44:00+00:00,0.3600000000005821,1,51.59574468086007,7.793615408183757e-05,0.1560901917232188,0.0002641659226554621,-0.00010861839223827408,-0.17103735249602625,-0.0005413359099156684,-1.5087084158724745e-05,1.0,-0.0741084901954002,0.9972501850994856,0.5816453021220794,True
1003,1003,2024-01-02 23:45:00+00:00,-0.8699999999989814,0,48.4536082474135,7.367023289794533e-05,0.10488794852969607,0.0002453347331617237,-0.00012523080243060058,-0.16643932336627654,-0.0003565952325345279,-2.1725801079465613e-05,1.0,-0.06975647374412476,0.9975640502598243,0.5761542155839268,True
1006,1006,2024-01-02 23:48:00+00:00,-0.6399999999994179,0,41.914618369990414,7.621305272679167e-05,0.08811323961730666,0.00021814948211327443,-0.00010713792864017564,-0.15813710659912236,-0.0007491605738988216,-7.84543053470823e-06,1.0,-0.056692787563377776,0.9983916705573488,0.6028130368053597,True
1007,1007,2024-01-02 23:49:00+00:00,0.5100000000020373,1,41.98966408267866,7.776189875592391e-05,0.11911717421625634,0.00019989254079577675,-6.583144359898479e-05,-0.1552807286369093,0.0006622332217068256,3.86230636465579e-05,1.0,-0.05233595624294437,0.9986295347545738,0.5905593448855008,True
1010,1010,2024-01-02 23:52:00+00:00,-0.5,0,46.72657252889536,7.784641806909583e-05,0.19436486178047185,0.00018807456615648713,-3.8878969331449386e-05,-0.14640008828857104,0.0006412083434284157,1.5086628932222744e-05,1.0,-0.03925981575906819,0.9992290362407229,0.5794395809590377,True
1012,1012,2024-01-02 23:54:00+00:00,0.25,1,49.94324631099869,8.03870994438365e-05,0.21396448224882136,0.00018924341062652355,-5.184214632273249e-06,-0.12352816774589517,0.001122657681790398,6.09495027523237e-05,1.0,-0.03053851320982278,0.9995335908367129,0.5909836281921154,True
1019,1019,2024-01-03 00:01:00+00:00,-2.5200000000004366,0,73.34410339255518,6.249365904856034e-05,0.33042861449505845,0.0002767384442062034,7.11328259111123e-05,-0.09648772026388651,0.0012353470762903073,2.2928970876386804e-05,1.0,0.0,1.0,0.5587545784474742,True
1022,1022,2024-01-03 00:04:00+00:00,0.7399999999979627,1,47.53246753246115,8.108036810229053e-05,-0.04643826699735128,0.00025772248200957185,-5.617094099141729e-05,-0.06778120570231386,4.663065744522659e-05,1.5086838333113201e-05,1.0,0.01308959557134444,0.999914327574007,0.6110474618038662,True
1028,1029,2024-01-03 00:10:00+00:00,0.9900000000016007,1,44.37420986091093,9.176906093823395e-05,-0.0953154382728121,0.00023228682792282503,-3.124702597288144e-05,-0.08022888317682363,0.0002020338824350864,1.5690089355200475e-05,1.0,0.03925981575906861,0.9992290362407229,0.6171004618438488,True
1033,1033,2024-01-03 00:15:00+00:00,1.390000000003056,1,56.352459016386405,0.00011067014478909976,0.2534534023190642,0.0002650950205060723,0.00015554209123286688,-0.07559365929167226,0.0006662624920829958,0.00012127907808978154,1.0,0.06104853953485687,0.9981347984218669,0.7581440900211971,True
1036,1037,2024-01-03 00:18:00+00:00,1.5999999999985448,1,75.57077625570994,9.545160806005678e-05,0.5104545403034192,0.0004243578918809893,0.00018914698542210878,-0.0468426642441663,-0.0003666483383574112,-2.4131943817268768e-05,1.0,0.07410849019539922,0.9972501850994857,0.5280195755742781,True
1043,1043,2024-01-03 00:25:00+00:00,-1.2600000000020373,0,72.22222222222223,8.312492491174966e-05,0.12720651189648102,0.0004507356491850609,0.00018098968602006164,0.060213095367645623,0.0008424684600418887,7.601759509346118e-05,1.0,0.10452846326765346,0.9945218953682733,0.7144980885415033,True
1046,1047,2024-01-03 00:28:00+00:00,2.099999999998545,1,68.11594202897533,8.635501927343023e-05,0.15452023716247965,0.00041736419827988636,0.00018271922279904015,-0.009237269067295025,-0.0007967046227479275,-1.2065564276842447e-06,1.0,0.11753739745783764,0.9930684569549263,0.533563246793486,True
1051,1051,2024-01-03 00:33:00+00:00,0.25,1,44.70477975632231,9.020239123822608e-05,-0.2802845489557112,0.00027958969576842764,3.882667426051974e-05,-0.021026180601834917,0.0003553068445048262,6.75786567550873e-05,1.0,0.13917310096006544,0.9902680687415704,0.7072122472235581,True
1056,1056,2024-01-03 00:38:00+00:00,-0.4900000000016007,0,47.48031496063308,0.00010326083583697255,-0.24891887021529674,0.000266743470067855,3.569662739660246e-05,-0.0574979206541125,0.00032426862163480316,5.91310749055711e-05,1.0,0.1607425656038261,0.9869963665602319,0.704301922403694,True
1063,1063,2024-01-03 00:45:00+00:00,0.6300000000010186,1,33.38139870222736,0.00010933144768200062,-0.714866876164708,0.0006996259730951345,-0.00024035014010468422,-0.09668713957596461,0.0016455914386486528,7.544844294599511e-05,1.0,0.19080899537654478,0.981627183447664,0.8187470066036786,True
1067,1067,2024-01-03 00:49:00+00:00,-0.5,0,27.075542258782775,0.00010670162973699682,-0.30575727606737146,0.0006450625794032802,-0.00020667173402765652,-0.12931263386084105,-0.00047783382910782384,-6.639190477503609e-06,1.0,0.20791169081775931,0.9781476007338057,0.6492428599847508,True
1068,1068,2024-01-03 00:50:00+00:00,-1.75,0,34.76793248944715,9.704166480216337e-05,-0.19627662209182106,0.0006309006570297765,-0.00016957934792683423,-0.1187571586668912,0.0005817766915886849,3.0177783359655988e-05,1.0,0.21217767215644626,0.9772311064626789,0.7232658004904379,True
1069,1069,2024-01-03 00:51:00+00:00,1.7599999999983993,1,27.52293577980936,9.976816190142205e-05,-0.21789521224458652,0.0006480969209152141,-0.000264393483778748,-0.10006059446590743,-8.182645498082744e-05,-0.0001056262263055217,1.0,0.21643961393810288,0.9762960071199334,0.5738159475108761,True
1071,1071,2024-01-03 00:53:00+00:00,-0.0,0,18.385964912278254,9.90941124988258e-05,-0.4120918442807404,0.00071782972640525,-0.0003931372055992919,-0.0698280168988481,-0.0017589297854581807,-5.3124762309409703e-05,1.0,0.224951054343865,0.9743700647852352,0.5514747786712015,True
1074,1074,2024-01-03 00:56:00+00:00,-0.09999999999854481,0,45.66326530612,9.580094374708776e-05,-0.09334870478398205,0.000632762130285914,-0.00019492045920478364,-0.20119790487733694,0.0009156667214068893,1.5090271513454104e-05,1.0,0.23768589232617307,0.9713420698132614,0.7008021270960672,True
1076,1076,2024-01-03 00:58:00+00:00,-0.25,0,45.03950834064655,9.593746860474858e-05,0.031670676231839945,0.0004950775334553946,-0.0002516075089939038,-0.18901811047350311,-0.00014174344460285798,-6.881390188420746e-05,1.0,0.24615329302899303,0.9692309097067544,0.5549620476154903,True
1077,1077,2024-01-03 00:59:00+00:00,-1.4899999999979627,0,39.74975938402122,9.261598772710192e-05,0.06850855495754304,0.00038370689362658873,-0.0002272468318023561,-0.1852166535934287,0.00046944822981121625,1.5091173324015925e-05,1.0,0.2503800040544414,0.9681476403781077,0.6779306665018516,True
1078,1078,2024-01-03 01:00:00+00:00,-1.75,0,31.111111111111114,9.521159007927032e-05,0.007741764689817465,0.00036378304575652336,-0.0003047348930437806,-0.1776411174577252,-4.206420104657471e-05,-8.99467594266376e-05,1.0,0.25460194820552756,0.9670459389139432,0.5591106465307575,True
1080,1081,2024-01-03 01:02:00+00:00,-0.2599999999983993,0,45.31013615733044,0.00011412463772865311,0.20768222144045878,0.0003518284937065614,-0.00014090246214894852,-0.1975721509193199,0.00037632433403056155,4.466783729313058e-05,1.0,0.2630312144579748,0.964787323828813,0.7117565905722192,True
1118,1118,2024-01-03 01:40:00+00:00,-0.48999999999796273,0,48.76462938881341,0.00014015371614406873,0.12839557828149895,0.00033925719234475734,-0.00021732855913549862,-0.16413963894828126,0.00024104245449263714,4.529539391917985e-05,1.0,0.4186597375374281,0.9081431738250813,0.5490733152678751,True
1124,1124,2024-01-03 01:46:00+00:00,-1.7599999999983993,0,36.176470588250794,0.0001338287499359663,0.038297063301044876,0.00033194771011961087,-0.00028248344181261605,-0.17590869202381387,-0.00026067209365685705,-0.000114753078679282,1.0,0.44228869021900125,0.8968727415326884,0.506391205379523,True
1126,1126,2024-01-03 01:48:00+00:00,-0.2400000000016007,0,57.16225390359498,0.00013707861911713498,0.2503752528783939,0.00033867303861764863,-6.171520927907482e-05,-0.1737180765088132,0.0003801079817613958,0.00010507899957555716,1.0,0.45009844103743496,0.892978943411137,0.5859378360149002,True
1127,1127,2024-01-03 01:49:00+00:00,0.23999999999796273,1,57.16225390358086,0.00013078300718103364,0.32619864458331027,0.0003191106347060391,-7.321890933404829e-05,-0.17440829903954183,-2.651447358986834e-05,-1.4492998674294609e-05,1.0,0.45399049973954675,0.8910065241883679,0.567222792437618,True
1129,1129,2024-01-03 01:51:00+00:00,-0.13000000000101863,0,58.522359040826665,0.00012206163569150609,0.43931002935925534,0.0002855830343102167,-2.0654364099141247e-06,-0.17107167469465337,0.0005036303459789201,8.212540554035918e-05,1.0,0.46174861323503397,0.8870108331782217,0.5877648868778619,True
1131,1132,2024-01-03 01:53:00+00:00,1.3700000000026193,1,69.67688483843104,0.00010842146710549916,0.5828879724257378,0.0003613175498655205,9.295447889285596e-05,-0.1650019560358873,0.0008825230139075969,0.0001062707598814702,1.0,0.4694715627858908,0.882947592858927,0.6027151062052135,True
1136,1136,2024-01-03 01:58:00+00:00,1.1299999999973807,1,62.46438746438023,0.00011528563277063422,0.45526287554729267,0.0005543573367983888,1.0773506656528603e-05,-0.07424376754084117,-0.000253729549932231,-7.547409053530378e-05,1.0,0.4886212414969549,0.8724960070727972,0.6245883321337726,True
1139,1139,2024-01-03 02:01:00+00:00,-0.7299999999995634,0,58.97435897436047,0.00010921100826259653,-0.03143527160410953,0.0005189098700773822,-4.2588265863939336e-05,-0.08115433737271545,0.00032851764975397037,4.468607129879291e-05,1.0,0.49999999999999994,0.8660254037844387,0.6118705568970398,True
1141,1141,2024-01-03 02:03:00+00:00,-1.9900000000016007,0,48.91209747606664,0.00010533539748153458,-0.20582434023440305,0.000481612035408848,-9.508795103217235e-05,-0.0889335941950227,-0.0002116280820726277,-1.5700976118082822e-05,1.0,0.5075383629607041,0.8616291604415258,0.5861243694164936,True
1142,1142,2024-01-03 02:04:00+00:00,0.7599999999983993,1,57.47734138972143,0.00011075708332091455,-0.11872312699491872,0.0004633544543449041,2.4091086664252838e-05,-0.01771620737193448,0.0009277450402481074,0.0001201665787998091,1.0,0.511293086077052,0.8594064115014527,0.6623137563458967,True
1147,1148,2024-01-03 02:09:00+00:00,2.110000000000582,1,39.98316498316155,0.00010070786197599703,0.06141110661469046,0.0003349988716490682,1.3651731916769898e-05,0.05799019791720789,-0.0009954566598141764,-7.607790622768513e-05,1.0,0.5299192642332049,0.848048096156426,0.6802386139461618,True
1150,1150,2024-01-03 02:12:00+00:00,0.12000000000261934,1,43.45549738219846,9.010606117466857e-05,-0.22731828318923075,0.0003540864537359978,-6.601479448573e-05,0.04724222291754205,0.0005309604008462151,3.744065354902805e-05,1.0,0.5409744713679939,0.8410390129643924,0.661451448561393,True
1152,1152,2024-01-03 02:14:00+00:00,-0.25,0,51.20481927711614,8.523201742463916e-05,-0.22626623827884723,0.0003545739130283456,-6.179214679919839e-05,0.04820420851208743,-0.0012873078531245108,-7.850286580857765e-06,1.0,0.5482932295199138,0.8362861558477596,0.6686063249447679,True
1154,1155,2024-01-03 02:16:00+00:00,2.4900000000016007,1,46.14614614614458,8.036277213347181e-05,-0.25216774013576077,0.00028107867075833053,-0.00011562561947042163,0.04453410766571998,-0.0003796616201089105,-7.548553051641191e-05,1.0,0.5555702330196022,0.8314696123025452,0.6432415349532956,True
1158,1159,2024-01-03 02:20:00+00:00,1.1300000000010186,1,16.970802919714686,8.137628263648705e-05,-0.6697772029044398,0.0005223428692528447,-0.00033528533655882297,0.05606994817130928,-0.0011652852294532293,-7.550536499402626e-05,1.0,0.5699967625963029,0.8216469379421637,0.6066077764464711,True
1160,1161,2024-01-03 02:22:00+00:00,-0.6199999999989814,0,10.71428571430117,8.74229073217004e-05,-0.7888464286031183,0.0007009713196036105,-0.0003718911235318539,0.09322465859262236,0.00040849809070779986,1.631102096449729e-05,1.0,0.5771451900372336,0.8166415551616789,0.6254381845231992,True
1171,1171,2024-01-03 02:33:00+00:00,2.4899999999979627,1,35.82554517132782,0.00010391430694592257,0.12408005739851058,0.0008342782348284828,-0.0002695752797958779,0.13212708190433786,-0.00022923444612424826,-4.4706318762354906e-05,1.0,0.6156614753256582,0.788010753606722,0.567635594060733,True
1174,1174,2024-01-03 02:36:00+00:00,-1.4899999999979627,0,39.911958914158,0.00010737627538455744,0.1602510641870447,0.000594214727012162,-0.0003169820738171023,0.11918392123989585,-0.0011464098788577079,-6.646258624671431e-06,1.0,0.6259234721840591,0.7798844830928818,0.5789822850439348,True
1178,1178,2024-01-03 02:40:00+00:00,-0.27000000000043656,0,52.218225419669515,0.00011280235043157377,0.5462397508799368,0.0003983972605172878,-0.00018618916948873966,0.08624653056022431,-3.3109476487048654e-05,-4.651802045521497e-05,1.0,0.6394390019805847,0.7688418320734596,0.6168779502118433,True
1179,1179,2024-01-03 02:41:00+00:00,0.6199999999989814,1,63.73314407380746,0.00010101989095030008,0.536038882781545,0.0003938443128395982,-0.00016321942780892913,0.09656848774531461,0.0,1.6311760024134834e-05,1.0,0.6427876096865393,0.766044443118978,0.6519049732702032,True
1184,1186,2024-01-03 02:46:00+00:00,1.2399999999979627,1,49.022801302925274,9.256206620972954e-05,0.43339150480076394,0.0004028344188516969,-0.00013927309518758316,0.09547480064698274,-0.00010374142349172518,-5.376654266438152e-05,1.0,0.6593458151000688,0.7518398074789774,0.685796748509141,True
1188,1188,2024-01-03 02:50:00+00:00,-0.09999999999854481,0,59.61165048543545,8.846263420324154e-05,0.19215129025432864,0.0002579865482753729,-0.00011539903113453531,0.09772780600787416,7.727676677862845e-05,7.431137375235079e-05,1.0,0.6723668074346679,0.7402181274868322,0.6619268282691977,True
1189,1190,2024-01-03 02:51:00+00:00,-1.8499999999985448,0,52.18855218856937,8.470887806868874e-05,0.1866339165737705,0.00025679653234505215,-0.00011667789968434296,0.0765386611385994,-0.00015014318830774013,-6.041368877459574e-06,1.0,0.6755902076156602,0.7372773368101241,0.68650126478258,True
1191,1191,2024-01-03 02:53:00+00:00,-0.9900000000016007,0,57.63975155279301,8.474255952563624e-05,0.2831204186352183,0.0002772835584873253,5.437810238229268e-09,0.03393752035069166,0.0001413596146771719,0.00012082153827762683,1.0,0.6819983600624985,0.7313537016191706,0.6795389535690337,True
1192,1192,2024-01-03 02:54:00+00:00,2.0,1,56.10640870615687,8.569693920395147e-05,0.2810088326879715,0.0002304126669483817,-5.7452741509993806e-05,0.0379744552732366,-0.0001987926665305929,-5.980483690023668e-05,1.0,0.6851829903263591,0.7283709698824002,0.7041318838064634,True
1205,1206,2024-01-03 03:07:00+00:00,-0.0,0,53.082465972779566,0.00010216957612656105,0.47821542021125546,0.0004019822139445463,8.615414214316215e-05,0.021182776767181444,-0.00021200477090156208,-1.3892894841562816e-05,1.0,0.7253743710122876,0.6883545756937539,0.556384284164743,True
1210,1210,2024-01-03 03:12:00+00:00,-1.25,0,85.36585365853887,9.215003371503921e-05,0.4523271863872693,0.0005307454359696443,0.0001669921942328243,-0.05832305210507134,0.00032937603435034276,1.4495615982223075e-05,1.0,0.740218127486832,0.672366807434668,0.593429625791402,True
1215,1215,2024-01-03 03:17:00+00:00,1.6199999999989814,1,43.19526627218149,8.8851597205633e-05,-0.22112480474976237,0.0004096279461396795,-9.636092456417092e-05,-0.12516260383548988,-0.00037741304774225156,-0.00011296762643763869,1.0,0.754709580222772,0.6560590289905073,0.5750971598322471,True
1234,1234,2024-01-03 03:36:00+00:00,-0.36999999999898137,0,61.51142355008973,9.553231520796538e-05,0.5248015446605307,0.00044160999214353967,4.436908053379119e-05,-0.22614056178396758,-0.00011055587505183353,-0.000149802780088196,1.0,0.8064446042674825,0.5913096483635825,0.6454356375546483,True
1236,1236,2024-01-03 03:38:00+00:00,0.23999999999796273,1,56.37755102041101,9.329069864980908e-05,0.33657641332599997,0.0004571555252327951,1.8059002020430672e-05,-0.19957422965677635,-6.856230380869829e-05,-4.530666724630973e-05,1.0,0.8115739819650123,0.5842496656374344,0.5070659124017883,True
1267,1268,2024-01-03 04:09:00+00:00,0.5999999999985448,1,16.723549488004167,6.737835940038588e-05,-0.3596637104265993,0.00043544428650099036,-0.00021998814518929704,-0.30328127090311807,-0.0002187886411013604,-3.1422597684630126e-05,1.0,0.8829475928589269,0.46947156278589086,0.5171820835302353,True
1270,1270,2024-01-03 04:12:00+00:00,-0.00999999999839929,0,18.303571428527448,6.629922965992977e-05,-0.2600509279204326,0.0004830005170320622,-0.000191833771400315,-0.20484004192444724,0.0009614312140393648,3.686236048230577e-05,1.0,0.8890171414857364,0.45787391511695674,0.5544374413103379,True
1271,1271,2024-01-03 04:13:00+00:00,0.11999999999898137,1,19.7749196141134,6.573814309212354e-05,-0.1869017819484391,0.0004656030985638519,-0.00018489275454840404,-0.19376562137746187,-0.0005656958651765082,-6.042900361839129e-07,1.0,0.8910065241883678,0.4539904997395468,0.5004014560568241,True
1275,1275,2024-01-03 04:17:00+00:00,-0.6200000000026193,0,34.88805970149342,5.904732323552556e-05,-0.006325981770893829,0.0003953247371441421,-0.00014644322391931452,-0.15906072796558868,0.00042628712297649224,6.043037304898525e-05,1.0,0.898794046299167,0.43837114678907746,0.5342556791347541,True
1276,1276,2024-01-03 04:18:00+00:00,-0.5100000000020373,0,34.75836431224215,6.00854923320014e-05,0.019995488172428466,0.00035753846040206724,-0.00017669281138523696,-0.06433236209437243,-9.9377126338178e-05,-3.746640110296018e-05,1.0,0.9006982393225879,0.43444525740441714,0.5577969517910047,True
1279,1279,2024-01-03 04:21:00+00:00,-0.6300000000010186,0,41.774491682080935,5.853159255661415e-05,0.11438950367010792,0.00022857020781950885,-0.00015927388955208548,-0.051948860304712775,-0.0002031784178506567,-2.356775290947238e-05,1.0,0.9063077870366498,0.4226182617406996,0.5401044562230257,True
1280,1282,2024-01-03 04:22:00+00:00,1.5099999999983993,1,46.70050761422007,5.801140528403447e-05,0.15917304783419906,0.0001665579514383744,-0.0001164557975231129,-0.035878212133410664,0.0002627990320268565,3.8070709397966795e-05,1.0,0.9081431738250813,0.41865973753742813,0.5276739458024284,True
1281,1282,2024-01-03 04:23:00+00:00,0.13000000000101863,1,61.152141802055404,6.875332059553067e-05,0.2764975856016444,0.00015963018619720985,-3.177713098255887e-05,-0.030645578849546936,4.857713166250804e-05,8.338791822640474e-05,1.0,0.9099612708765432,0.41469324265623914,0.5487365095251509,True
1288,1289,2024-01-03 04:30:00+00:00,-0.2400000000016007,0,62.79434850862302,6.702997228162806e-05,0.2517455212953872,0.00023224867857958144,-6.96420609817278e-05,0.042866896163767265,-0.0012040062825645305,-4.592289305376153e-05,1.0,0.9222009716704518,0.3867109616368206,0.5330049170903213,True
1301,1301,2024-01-03 04:43:00+00:00,1.0,1,13.89236545679266,7.192900909028597e-05,-0.4198321846679993,0.0005975497550986358,-0.00027136023895171454,0.11428919508511039,-0.0004315491241794673,-1.208890178364395e-06,1.0,0.9426414910921784,0.3338068592337709,0.5508071932681745,True
1303,1303,2024-01-03 04:45:00+00:00,-0.13999999999941792,0,26.343519494181848,8.384324301176296e-05,-0.3034744876483839,0.0006260033668627017,-0.0002255798305784737,0.10404173707892968,9.957900219007239e-05,8.401946717850421e-05,1.0,0.9455185755993167,0.32556815445715676,0.605181630522552,True
1307,1307,2024-01-03 04:49:00+00:00,-0.25,0,27.482447342022496,8.695500497292573e-05,-0.08061720823238572,0.0005591483778739233,-0.00022399491332235227,0.10691598988051242,8.621652068617278e-05,3.747684143194469e-05,1.0,0.9510565162951535,0.30901699437494745,0.577111139359203,True
1308,1308,2024-01-03 04:50:00+00:00,-0.25,0,32.311320754708476,7.987546680732389e-05,-0.03958086040099973,0.0005372624790706454,-0.00022972844564112934,0.11493428828475115,-0.001336085336579017,-1.5111460622708378e-05,1.0,0.9523957996432784,0.3048642990280109,0.6191676148896088,True
1309,1309,2024-01-03 04:51:00+00:00,-0.7600000000020373,0,42.112676056339545,7.331161789673702e-05,0.016464351155243806,0.0005060600821000962,-0.00020620559390868755,0.17219404873128588,0.000254524731771503,1.5111460622800063e-05,1.0,0.9537169507482268,0.3007057995042733,0.5174958797372003,True
1311,1311,2024-01-03 04:53:00+00:00,0.5,1,35.203366058896506,7.646748046603077e-05,0.017052260754268023,0.00039833110118360694,-0.00023971937684042277,0.1667986328981594,-0.0001969647516920397,-7.25380583005161e-06,1.0,0.9563047559630354,0.29237170472273677,0.5332754784464959,True
1314,1314,2024-01-03 04:56:00+00:00,-0.5100000000020373,0,42.91139240506777,7.689920970406021e-05,0.020848119794594222,0.00021139410064092583,-0.00020839024100049333,0.2060789781151299,0.00019468165186923436,6.830921104002904e-05,1.0,0.9600498543859287,0.27982901403099203,0.5526969076681151,True
1316,1316,2024-01-03 04:58:00+00:00,-0.3900000000030559,0,47.71241830066354,8.000920213766435e-05,0.07597283237347341,0.0002094020819038137,-0.00020572520664981494,0.2008715172594318,2.2120737196045423e-06,1.5716987827685227e-05,1.0,0.9624552364536473,0.2714404498650743,0.5314187195780123,True
1317,1317,2024-01-03 04:59:00+00:00,-0.5100000000020373,0,33.98496240601965,7.185021647896867e-05,0.08268975352527264,0.00020024554243656197,-0.00022030564768134607,0.21067379129944014,-0.00013937020177042596,-2.357557437634573e-05,1.0,0.9636304532086231,0.26723837607825673,0.6007227434911376,True
1319,1319,2024-01-03 05:01:00+00:00,-0.2599999999983993,0,36.11473272491217,7.297512593174043e-05,0.09436140144649485,0.0001924188322747332,-0.00023414531898278027,0.30074051603086804,-0.0013233340206749455,-6.165992137288498e-05,1.0,0.9659258262890683,0.25881904510252074,0.7952813054031685,True
1320,1320,2024-01-03 05:02:00+00:00,-0.23999999999796273,0,42.08333333332091,6.921733032685795e-05,0.09689632688798899,0.00019437875043533753,-0.00020986714494925909,0.3036740198239626,0.00019263407224888947,1.571759590926076e-05,1.0,0.9670459389139431,0.2546019482055276,0.5371268675264561,True
1357,1358,2024-01-03 05:39:00+00:00,1.4799999999995634,1,79.88472622479392,0.0001165178862722973,0.567838113174439,0.0009761868408560098,0.000347283140303668,-0.033793880023798746,-0.0001412376391828908,-7.2499755312855334e-06,1.0,0.9953961983671787,0.09584575252022429,0.9402744770558692,True
1359,1359,2024-01-03 05:41:00+00:00,-0.6400000000030559,0,69.85040276180234,0.0001174346371152833,0.22200550073680914,0.0009869822022514961,0.00023861978037015665,0.01723057584160931,0.00024285241315962871,1.6314095892830985e-05,1.0,0.9961946980917455,0.08715574274765814,0.9082668149465096,True
1362,1363,2024-01-03 05:44:00+00:00,-0.38000000000101863,0,61.315280464221715,0.00011342862891977357,-0.17191017025029098,0.000869740775489203,0.00014857659224808188,0.021201588537388637,-0.0003533280223668249,-3.7463548575792367e-05,1.0,0.9972501850994857,0.07410849019539913,0.8879639959077866,True
1366,1367,2024-01-03 05:48:00+00:00,1.5,1,39.633638634481514,9.771633810265507e-05,-0.3576302924612855,0.0005206793146231247,0.00014220407072513055,0.018196482434750062,0.0003998299119410156,4.531999999570556e-05,1.0,0.9983916705573488,0.05669278756337759,0.772281885137805,True
1368,1368,2024-01-03 05:50:00+00:00,0.020000000000436557,1,52.04163330665381,9.615382955498918e-05,-0.15454484908964683,0.0002995470231236006,0.00021328348085272755,0.05692601048453428,-0.0008724028624804786,-4.4105496730209684e-05,1.0,0.9988483864849507,0.04797812852134391,0.8235110364954215,True
1370,1370,2024-01-03 05:52:00+00:00,-0.3600000000005821,0,41.843971631204894,8.58857291668258e-05,-0.1581113531550824,0.0002687772163341482,0.00016034696098765635,0.06316811562073532,-0.0002452553595617656,-3.6856814602657634e-05,1.0,0.9992290362407229,0.03925981575906889,0.7670483967037135,True
1372,1372,2024-01-03 05:54:00+00:00,0.36999999999898137,1,61.29999999998789,8.397660013183707e-05,-0.053539295274188436,0.00027419916561831733,0.00026331678242830204,0.07920169118169673,0.00026524026502706006,9.908521396912511e-05,1.0,0.9995335908367129,0.03053851320982282,0.7369247158843131,True
1378,1378,2024-01-03 06:00:00+00:00,0.8699999999989814,1,65.54702495200817,8.112602228500137e-05,0.04791140838347796,0.00039349225770949167,0.00022766805908762595,0.05749224804535476,-8.185505686304411e-05,-2.9601929564734682e-05,1.0,0.9999904807207345,0.004363309284746582,0.8251699664704658,True
1380,1380,2024-01-03 06:02:00+00:00,0.09999999999854481,1,65.20894071915384,9.075026519536054e-05,-0.09053193373037605,0.0003927479221100536,0.00019820597331983555,-0.01589795949923341,7.739707022790825e-05,3.8061463226170184e-05,1.0,0.9999904807207345,-0.00436330928474646,0.8325629850222236,True
1384,1384,2024-01-03 06:06:00+00:00,-2.109999999996944,0,65.88594704684434,8.897637897208662e-05,-0.06110351979002604,0.00036113656635699073,0.00021283134624026492,0.009703079449070905,8.622281085065785e-05,7.2493141846936336e-06,1.0,0.9997620270799091,-0.02181488503456081,0.8404511681484076,True
1386,1388,2024-01-03 06:08:00+00:00,1.6199999999989814,1,42.32954545454594,8.994057793469237e-05,-0.35073600437153063,0.0002810490036976342,4.220140940471679e-05,0.0529070411364758,-0.000612557446412696,-3.806433779849792e-05,1.0,0.999533590836713,-0.030538513209822475,0.7736853233383072,True
1390,1393,2024-01-03 06:12:00+00:00,4.770000000000437,1,35.77235772357028,9.896513457874179e-05,-0.5991334232044658,0.0003912505505378881,8.881975676505337e-07,0.07071493954183826,0.00011283772508991394,5.136133211867837e-05,1.0,0.9988483864849507,-0.04797812852134379,0.7259374217340839,True
1395,1395,2024-01-03 06:17:00+00:00,-1.2400000000016007,0,57.89473684210526,0.000105579826978513,0.28907911786097484,0.0004614073745085458,0.0002620841489812275,0.11172759493908863,7.956838575417962e-05,1.3893314446713555e-05,1.0,0.9975640502598242,-0.06975647374412533,0.5943562613930863,True
1397,1397,2024-01-03 06:19:00+00:00,-0.48999999999796273,0,57.391910739187445,0.00010868303686031168,0.32970393604271264,0.000493652787877508,0.00027435575161054024,0.1499894194266677,0.0007863615282467826,0.00010571159771770738,1.0,0.996917333733128,-0.07845909572784467,0.6251033297724481,True
1399,1401,2024-01-03 06:21:00+00:00,0.36999999999898137,1,67.29788783684958,0.00010945542109790984,0.3653251696549572,0.0005461838263662986,0.0002915211725968377,0.12829414281014512,0.0004171315315911277,6.825557184061464e-05,1.0,0.9961946980917455,-0.08715574274765801,0.6148117592033444,True
1402,1402,2024-01-03 06:24:00+00:00,-0.47999999999956344,0,78.11348563007822,0.00010673498626166809,0.37222117728815185,0.000649120436901369,0.00027670524117484304,0.16197339078556255,-0.00030449662310210124,-5.979396451158435e-05,1.0,0.9949685182509117,-0.1001880616120762,0.5304852446774608,True
1403,1404,2024-01-03 06:25:00+00:00,1.7700000000004366,1,78.46265409717981,0.00010185691058371482,0.33693402451811916,0.0006793329198902538,0.00029371318508593526,0.16492006133507614,9.047606969287313e-05,2.899145960129427e-05,1.0,0.9945218953682734,-0.10452846326765333,0.5299245413420897,True
1406,1407,2024-01-03 06:28:00+00:00,1.610000000000582,1,77.70270270271469,0.00010498708494949225,0.4374155398411843,0.00079405773904083,0.0004303479267485471,0.1614530805092274,0.0,7.548657897499887e-05,1.0,0.9930684569549263,-0.11753739745783758,0.5102922917778338,True
1508,1508,2024-01-03 08:10:00+00:00,-0.47999999999956344,0,59.75705329153503,0.00021792976383292828,0.3539752898404116,0.0004342509410793588,0.0003820779397704446,0.057528735387849785,0.0002459356923799803,0.00020346205548161294,1.0,0.8457278217039732,-0.5336145159156115,0.580885466675153,True
1509,1509,2024-01-03 08:11:00+00:00,-7.369999999998981,0,57.239459029440354,0.00022336938837232102,0.46258853157117286,0.0004844795948596689,0.0003392386914128586,0.05505393985104285,-0.00019053949320984895,-2.897723053946335e-05,1.0,0.8433914458128858,-0.5372996083468236,0.5918923610329636,True
1510,1510,2024-01-03 08:12:00+00:00,1.360000000000582,1,67.97875663855248,0.0002567174544248677,0.9687707347783214,0.0007846968144708276,0.0007535365835149572,0.07286005747579175,0.00014844668298780677,0.0004448287226278366,1.0,0.8410390129643925,-0.5409744713679938,0.7440248158266466,True
1514,1514,2024-01-03 08:16:00+00:00,0.0,0,70.04234297812114,0.00023906194609700176,1.052647600190756,0.0012785180284745734,0.0005764799531391979,0.006305871148171208,0.0004789325217985754,6.638236908505775e-06,1.0,0.8314696123025451,-0.5555702330196023,0.6437985256542464,True
1517,1517,2024-01-03 08:19:00+00:00,0.26000000000203727,1,80.77093486929463,0.00020456215853509706,0.6232892906207068,0.0014115725670299532,0.0005831809233598512,0.01879830172514747,0.0012956224176611996,4.5258138854323147e-05,1.0,0.8241261886220155,-0.566406236924833,0.5418915437414743,True
1519,1519,2024-01-03 08:21:00+00:00,-4.619999999998981,0,82.97872340425566,0.00021356847584506474,0.5967168703551415,0.0014834405455630632,0.000740742687298037,0.0159079546606578,6.641127840567003e-06,0.00019548855911160793,1.0,0.8191520442889917,-0.5735764363510462,0.6533175584326492,True
1520,1520,2024-01-03 08:22:00+00:00,-1.75,0,70.82860385925449,0.00022828369456125635,0.2938169908634025,0.0014474892464567833,0.00044369298279206044,0.04117679802411551,-0.00038968745788101376,-0.0002787638110221398,1.0,0.816641555161679,-0.5771451900372335,0.5782980933620839,True
1521,1521,2024-01-03 08:23:00+00:00,-2.3699999999989814,0,70.82860385925449,0.00022028601926398964,0.17056564326955836,0.0013592397453223522,0.0005277925252155512,0.056947893436667264,0.00014393634938051253,0.0001056014956567186,1.0,0.8141155183563192,-0.5807029557109398,0.5608738442976081,True
1646,1646,2024-01-03 10:28:00+00:00,-1.2400000000016007,0,48.935566278739806,0.0002527308916790785,-0.16190608947415483,0.0008701071730031609,-3.7915521805914875e-05,0.2045721681338081,0.0004526020832930877,0.00011998836490848653,1.0,0.3947438563842674,-0.9187912101488982,0.62371947304536,True
1650,1653,2024-01-03 10:32:00+00:00,4.619999999998981,1,55.82858855258955,0.0002482424417813821,0.5067527744913428,0.0007934247602064832,0.00025880741650579633,0.18743091849447316,0.0004370397908203169,0.0002962732303064122,1.0,0.37864861735243294,-0.9255405040175664,0.603253404144317,True
1668,1668,2024-01-03 10:50:00+00:00,-2.75,0,44.28623585250557,0.0002415569925232772,-0.8309578284425259,0.001162798241266866,3.266910365749968e-05,0.2388990758518372,-7.978316712380792e-05,-0.00015929464606814832,1.0,0.30486429902801077,-0.9523957996432784,0.5765866224944111,True
1669,1671,2024-01-03 10:51:00+00:00,0.7599999999983993,1,57.45173745173816,0.00023390312197292808,-0.895023443343272,0.0010247341747448813,0.00019143540836541958,0.25516988447010786,0.0007266782043820132,0.00016656223757626677,1.0,0.30070579950427334,-0.9537169507482268,0.6666673450623386,True
1673,1674,2024-01-03 10:55:00+00:00,7.239999999997963,1,36.32093933463444,0.00021385501901678738,-0.8624852360275033,0.0009156004388217649,4.011146108091377e-05,0.27630581490077954,-1.7732815240074123e-05,-0.00015928615609874287,1.0,0.2840153447039226,-0.958819734868193,0.6048861140895505,True
1674,1674,2024-01-03 10:56:00+00:00,2.5,1,26.641061452508737,0.00022456248830989492,-1.264026693366299,0.0010200952558862076,-0.00023731736110557027,0.2577290074521536,-0.00011305408985207967,-0.00028714255795352366,1.0,0.2798290140309927,-0.9600498543859285,0.509449949886115,True
1700,1702,2024-01-03 11:22:00+00:00,3.5,1,43.05652477321807,0.0001876879476035415,-0.15583149938986318,0.0004082685498747644,-0.00014618274714219028,0.08771149406498674,-0.0004931819372218726,-6.058454393197376e-05,1.0,0.16934950384902525,-0.9855560590580776,0.6305712259008511,True
1705,1707,2024-01-03 11:27:00+00:00,5.0,1,22.514204545493598,0.00017417051670241658,-0.7753879548234355,0.0008071665466289446,-0.0004782760127203636,0.10953624467864542,-0.0003476322355128883,-7.576108835332544e-05,1.0,0.14780941112961038,-0.9890158633619168,0.6233203418364479,True
1722,1722,2024-01-03 11:44:00+00:00,1.4799999999995634,1,49.62089300758164,0.00025148679059894003,0.8351830613289466,0.0009950881773938352,-0.0003412708776965523,0.03358114187147611,-0.00013037926898187412,-8.487914427529878e-05,1.0,0.07410849019539918,-0.9972501850994857,0.5252349257909478,True
1725,1725,2024-01-03 11:47:00+00:00,-2.3800000000010186,0,61.223811107413425,0.00023898841399758606,1.3290050266568945,0.0007533972470088284,-2.9672942671646976e-05,-0.033125334979968335,0.0003125867931671651,7.637530099226852e-05,1.0,0.06104853953485675,-0.998134798421867,0.6366177224417001,True
1726,1727,2024-01-03 11:48:00+00:00,-0.8699999999989814,0,59.00641025640631,0.000233004021560233,1.2794122334788032,0.0007268678178503907,-0.0001671080597166626,-0.026090114181535264,-0.0003688178081856012,-0.00014426935477219113,1.0,0.056692787563378096,-0.9983916705573488,0.6663896800521215,True
1729,1729,2024-01-03 11:51:00+00:00,-2.110000000000582,0,58.58553679515493,0.0002254866909588064,0.9577740120998617,0.000709531911334008,-0.00022161177166534935,-0.04335578227750638,-0.0006517265910737484,-0.00012851958789567692,1.0,0.043619387365335625,-0.9990482215818578,0.6783489377979979,True
1732,1732,2024-01-03 11:54:00+00:00,-0.25,0,52.289938694554856,0.00021021127922529872,0.6181804425312296,0.0007079515972752994,-0.0002555255579203501,-0.10595771308414517,-0.00194313838304112,-0.00015034995799728491,1.0,0.030538513209823103,-0.9995335908367129,0.7223114977991215,True
1734,1734,2024-01-03 11:56:00+00:00,-4.239999999997963,0,50.01695489996954,0.0002123350645586271,0.10645509905694084,0.0006549686756440909,-0.00044028991065740063,0.05503645786445435,-0.011024238184759543,-0.0002273831813548941,1.0,0.021814885034561218,-0.9997620270799091,0.6654702321947251,True
1735,1735,2024-01-03 11:57:00+00:00,-2.3699999999989814,0,49.3296665520745,0.00020621780012116265,0.15843124092000105,0.0006037059060475536,-0.00017609314621290208,0.08715155937280551,0.0012350051004297103,0.0002570907647633651,1.0,0.017452406437283883,-0.9998476951563913,0.5819351713795753,True
1739,1739,2024-01-03 12:01:00+00:00,-0.6199999999989814,0,44.52677669248814,0.00020478240754131561,0.3612431284834481,0.0005465110533553519,-0.00012598237768267952,0.026863632022187087,-0.0035187346882071435,-9.0933284736561e-05,1.0,1.2246467991473532e-16,-1.0,0.6682981836243461,True
1743,1746,2024-01-03 12:05:00+00:00,1.4900000000016007,1,38.180693069305065,0.00022931709689147869,-0.6336024219546306,0.0007672718649399219,-0.0005501021139292202,-0.0933923412320057,-0.0012745729115779532,-2.3048420486775306e-05,1.0,-0.017452406437283637,-0.9998476951563913,0.5720115366114046,True
1748,1748,2024-01-03 12:10:00+00:00,2.9899999999979627,1,42.28993536472227,0.0002570719706193792,-0.8502084756837629,0.0012941473206713114,-0.0005175022841783036,-0.12382804956037431,-0.03729344039896683,-1.5165094804931888e-05,1.0,-0.03925981575906871,-0.9992290362407229,0.592567657944339,True
1751,1751,2024-01-03 12:13:00+00:00,3.4799999999995634,1,20.27722772276259,0.00023241678001486085,-0.6180095874670686,0.0013650436538627981,-0.0006226598515061394,-0.1474038703712424,-0.0034578264095727375,-4.6109594019178615e-05,1.0,-0.052335956242943564,-0.9986295347545738,0.505968737281397,True
1794,1795,2024-01-03 12:56:00+00:00,1.5099999999983993,1,44.39461883408114,0.0002255751036616832,0.8271976962513898,0.0007800697950998104,-0.0006436297992782119,-0.10004602145933794,-0.0015887596862847718,-0.00018167627707191042,1.0,-0.2376858923261727,-0.9713420698132615,0.6000201723561575,True
1799,1800,2024-01-03 13:01:00+00:00,-3.9899999999979627,0,36.34375000000629,0.0002430328977181098,-0.34631954652350805,0.0009122602687204646,-0.0008958946579008265,-0.07692328341170483,-0.0036073192007113775,-0.0004394208588968281,1.0,-0.2588190451025208,-0.9659258262890683,0.6807035097697456,True
1830,1830,2024-01-03 13:32:00+00:00,-0.020000000000436557,0,62.77811184606055,0.0002641275064595507,0.20331902332222018,0.0022830922752920097,0.0007303398361473823,0.051019396820779064,-0.00138175052320167,-3.0940791158405104e-05,1.0,-0.38671096163682106,-0.9222009716704516,0.7248639401543596,True
1832,1832,2024-01-03 13:34:00+00:00,0.25,1,57.11811569102371,0.0002587814306557406,-0.28979322904963123,0.0017966926466653698,0.0007330086071744196,0.05944292517402086,0.0013758854719922253,6.0060588411531045e-05,1.0,-0.3947438563842672,-0.9187912101488983,0.7089407047677273,True
1834,1837,2024-01-03 13:36:00+00:00,5.369999999998981,1,63.850756775781456,0.00025833846645472325,-0.34442380144541573,0.0011904112932250802,0.0008731688617374112,0.09568601732201623,0.00256984854134125,0.00018986192000164072,1.0,-0.4027466898587371,-0.9153114791194472,0.720394140590809,True
1840,1840,2024-01-03 13:42:00+00:00,-2.75,0,52.223230490017436,0.0002189025966189177,-0.3367840031662279,0.00109913655514772,0.000702272446837656,0.09591425784065852,-0.0013452958866993095,-0.00013766565763915624,1.0,-0.4265687399014583,-0.904455145454368,0.7107592666746451,True
1842,1844,2024-01-03 13:44:00+00:00,9.389999999999418,1,59.486447931522065,0.0002144928003274208,-0.4189490077081235,0.0008882258851674442,0.0007958752575966955,0.10383088260360529,-0.0013383362489007727,-6.6703919795794115e-06,1.0,-0.434445257404417,-0.900698239322588,0.6985822131125061,True
1846,1846,2024-01-03 13:48:00+00:00,-2.0,0,41.456380677724745,0.00023753016481388754,-1.9073918282857125,0.0009310439872703569,5.398736472554255e-05,0.1120093673919246,-0.0011681379401873963,-0.0001353136867610573,1.0,-0.45009844103743474,-0.8929789434111371,0.707168472136764,True
1850,1850,2024-01-03 13:52:00+00:00,-3.0,0,47.74424858081519,0.0002551623811805618,-1.0006885381444603,0.0010100186764606318,0.0005506084040299876,0.06745320027290785,0.002079446922693399,0.0001825725693121523,1.0,-0.46561452032511097,-0.8849876374630421,0.7237502703967371,True
1853,1853,2024-01-03 13:55:00+00:00,-0.5099999999983993,0,37.6525577771964,0.000275817951483965,-1.115892689873698,0.0010879982618561864,9.22554220233603e-05,0.12886013776988442,0.00015541589088124988,9.162568547408531e-05,1.0,-0.477158760259608,-0.8788171126619656,0.7925872669671901,True
1854,1854,2024-01-03 13:56:00+00:00,-2.0099999999983993,0,39.45578231292308,0.0002757831452506643,-1.116765874329117,0.0011233890545914724,5.890320160171446e-05,0.1135964204648501,-0.00021429185455056285,-3.094548467688065e-05,1.0,-0.4809887689193874,-0.8767267557075078,0.7888142030626655,True
1861,1861,2024-01-03 14:03:00+00:00,6.120000000002619,1,36.664059444658335,0.00035741460501917833,-1.7536578240631038,0.0016986744863408646,-0.0006037283644722533,-0.15041531558867124,-0.0011384006348696516,-0.00028901295598506135,1.0,-0.5075383629607042,-0.8616291604415257,0.7300926957358227,True
1865,1865,2024-01-03 14:07:00+00:00,-1.3699999999989814,0,23.768058579061048,0.00036793639587078735,-2.1264556707846665,0.0023320076540391693,-0.000982341365660083,-0.12935569390438031,0.0009033371016668598,9.053433186536209e-05,1.0,-0.5224985647159487,-0.8526401643540923,0.735450957455815,True
1866,1866,2024-01-03 14:08:00+00:00,-0.6399999999994179,0,26.029475509318374,0.00035229869582212536,-1.982643840125787,0.0024796852389906672,-0.001023757314664906,-0.10976708010657793,-0.00041029220926066005,-8.324267279399657e-05,1.0,-0.5262139236518696,-0.8503522249955628,0.7389529163701583,True
1869,1870,2024-01-03 14:11:00+00:00,-0.5,0,18.628851254847262,0.00037304230938893436,-1.6129412231838858,0.002721690618401994,-0.0012313421682554908,-0.1551051972033215,-0.0004270786821700144,-0.00018294419250333447,1.0,-0.5372996083468236,-0.8433914458128858,0.7589033847071146,True
1872,1873,2024-01-03 14:14:00+00:00,-0.8600000000005821,0,27.608391608388757,0.0003381400136749893,-1.1431755305972988,0.002549787267209744,-0.0012311180755854364,-0.1394673714578243,-0.0007182550492128202,-0.00017446103286883571,1.0,-0.548293229519914,-0.8362861558477594,0.7238874670325939,True
1879,1879,2024-01-03 14:21:00+00:00,-12.270000000000437,0,70.98873591990386,0.0003722008415684084,2.7521501183734225,0.0018435768063893093,0.0005244510479830626,-0.005296733757694258,0.00028553258510123956,0.0007820792533148611,1.0,-0.5735764363510458,-0.819152044288992,0.6357970939360731,True
1885,1886,2024-01-03 14:27:00+00:00,-0.7600000000020373,0,52.110060769750234,0.000523995895199065,0.6020322131184117,0.0015377086203456124,-0.0005973312004796947,0.09476784595263074,-0.0006475723971449283,-1.5193204383836214e-05,1.0,-0.594822786751341,-0.8038568606172175,0.6291479727951574,True
1887,1887,2024-01-03 14:29:00+00:00,2.2399999999979627,1,55.41666666666667,0.0004978403910423413,0.4430670291979406,0.0015353311224592184,-0.0005033672172020752,0.11893175991683805,0.001438231081591622,0.00014464418467474035,1.0,-0.6018150231520484,-0.7986355100472928,0.6671063136504931,True
1889,1889,2024-01-03 14:31:00+00:00,-0.7300000000032014,0,62.293670159322915,0.0006389503065833624,1.306223046885166,0.0016381542938961832,0.00019432656713807834,0.21620725754726397,0.0033607741023183135,0.0005552123586864126,1.0,-0.6087614290087207,-0.7933533402912352,0.8555993641510805,True
1890,1890,2024-01-03 14:32:00+00:00,24.62999999999738,1,59.19601027655828,0.0007154565244229967,1.649006543465101,0.0016953989012805336,0.00014410350789954168,0.2153491832424298,-0.0021839293337127023,-4.433276905954559e-05,1.0,-0.6122172800344494,-0.7906895737438433,0.8371656237249393,True
1892,1892,2024-01-03 14:34:00+00:00,11.110000000000582,1,42.254781344369746,0.0008970351938124767,-0.19055193723203345,0.0018882657256790324,-0.0008249430597230942,0.10606721885444226,6.86981580873994e-05,0.0004408633574404572,1.0,-0.6190939493098341,-0.7853169308807448,0.7737205533429607,True
1895,1896,2024-01-03 14:37:00+00:00,4.369999999998981,1,55.133459962011486,0.0009618884976285102,1.8818991906732028,0.00212917953253745,0.00019544850007242726,0.04242696145290238,-0.0008877685548683512,-0.0007746244126907091,1.0,-0.6293203910498373,-0.7771459614569711,0.8571878243163559,True
1897,1897,2024-01-03 14:39:00+00:00,-0.2599999999983993,0,54.73664085651441,0.0010399866356856945,1.1743993649063809,0.002106960910477052,-5.7772141566805806e-05,0.045385683985584416,0.00031116574577538813,0.00018164967725115862,1.0,-0.6360782202777636,-0.7716245833877202,0.8701112399132017,True
1899,1899,2024-01-03 14:41:00+00:00,15.610000000000582,1,54.51839047344654,0.0011303876932602201,0.9763267376205856,0.001917588240969769,7.916168317345822e-05,0.06425259038602354,0.0014008575727439546,0.00015307284657283272,1.0,-0.6427876096865389,-0.7660444431189783,0.911597603503648,True
1902,1902,2024-01-03 14:44:00+00:00,-1.2699999999967986,0,60.445613746608416,0.0012494683919987205,2.712957260677331,0.002674973895182293,0.001114313211068098,0.08783320729471154,0.0024638183658723146,0.00034951180959348426,1.0,-0.6527597524627221,-0.7575649843840498,0.9572166128371149,True
1904,1904,2024-01-03 14:46:00+00:00,-5.980000000003201,0,51.70669022568476,0.001117512066337326,1.8954695095238567,0.0027872727099712107,0.00028750332355599676,0.0965403245823048,-0.0008452986083666908,-0.000696771089126949,1.0,-0.6593458151000688,-0.7518398074789774,0.8960532621976085,True
1941,1941,2024-01-03 15:23:00+00:00,4.370000000002619,1,13.469484122296436,0.0006824374714544182,-2.511482123759727,0.007232991604314118,-0.002492638861718881,0.25951855041664224,0.0007743410225768213,0.00014444670992871361,1.0,-0.77162458338772,-0.6360782202777638,0.5920207945418474,True
1943,1943,2024-01-03 15:25:00+00:00,-3.850000000002183,0,34.16749608986311,0.000596135597207345,-0.43479757032670285,0.006233571001454855,-0.0015741142733730804,0.25749835057228326,0.0007387346260822951,0.0005025243578798767,1.0,-0.7771459614569711,-0.6293203910498371,0.5666411919789387,True
1957,1957,2024-01-03 15:39:00+00:00,-7.860000000000582,0,40.62636881296393,0.0007380114612321884,-0.4530080694422729,0.002426564691924535,-0.001969416382608081,0.24138554895991587,0.000537011403199468,5.30368633756181e-05,1.0,-0.8141155183563193,-0.5807029557109396,0.5588902700310129,True
1958,1958,2024-01-03 15:40:00+00:00,-6.370000000002619,0,38.91744466589666,0.0007219416413951976,-1.4128771634249544,0.0027582331378604628,-0.0023518612819060864,0.24777685251472464,-0.00048047030487367734,-0.000479262749422424,1.0,-0.8166415551616789,-0.5771451900372337,0.5620886569384801,True
1961,1961,2024-01-03 15:43:00+00:00,11.110000000000582,1,37.78846153846104,0.0007079142682525043,-0.47857363076387216,0.002855000601314046,-0.0012379581999612493,0.24756533678132273,0.0009758282939558462,0.00032909391601247873,1.0,-0.8241261886220151,-0.5664062369248336,0.5635614691929368,True
1975,1975,2024-01-03 15:57:00+00:00,5.509999999998399,1,60.26744543498276,0.0005779605256005107,1.9201201804079568,0.0021879578198976237,-9.77414119669673e-05,0.14360236318369096,0.002056140560535001,0.0003952134767475351,1.0,-0.8571673007021121,-0.5150380749100544,0.5802959284252822,True
1977,1978,2024-01-03 15:59:00+00:00,21.11999999999898,1,67.75011891548829,0.000574274351326763,2.8396725398633276,0.002500621142166888,0.0007528203376810104,0.14195917604211283,0.002270090393113014,0.0005549193866458246,1.0,-0.8616291604415258,-0.5075383629607041,0.568802075884989,True
1981,1981,2024-01-03 16:03:00+00:00,-4.75,0,80.58154235145365,0.0006321676986561345,5.1305481288713395,0.00401886961095031,0.001836268848211269,0.02854125898002104,0.006298950008789581,0.00021263992546597632,1.0,-0.8703556959399,-0.49242356010346644,0.6228566424025237,True
